scheme,returned_results,statistic,hash_ops,pairing_ops,runs,mean_ms,median_ms,stdev_ms,ci95_ms,min_ms,max_ms,raw_ms,env_timestamp_utc,env_host,env_platform,env_python,env_aws_target,env_git_rev
BVCRSA,50,median reported; mean/stdev/ci95 also given,432,,300,1.8031020633376709,1.8046125000523716,0.034716653877031795,0.003928559214408404,1.7099560000133351,1.942566000025181,"[1.942566, 1.895958, 1.771929, 1.814557, 1.784371, 1.805113, 1.792727, 1.784378, 1.836089, 1.766069, 1.811862, 1.757163, 1.777013, 1.815794, 1.821742, 1.832012, 1.805537, 1.812361, 1.802217, 1.829153, 1.817043, 1.781995, 1.810309, 1.796054, 1.810292, 1.777891, 1.84275, 1.762294, 1.797355, 1.755999, 1.804437, 1.730801, 1.752177, 1.81369, 1.798139, 1.833, 1.778639, 1.868308, 1.806925, 1.776993, 1.789516, 1.749052, 1.783548, 1.761933, 1.741423, 1.716614, 1.791506, 1.721069, 1.775289, 1.712963, 1.836749, 1.726542, 1.741168, 1.783053, 1.809604, 1.739699, 1.754857, 1.774457, 1.808611, 1.82068, 1.724245, 1.772667, 1.709956, 1.810431, 1.730623, 1.78936, 1.79014, 1.783551, 1.828859, 1.804654, 1.837419, 1.786441, 1.815851, 1.743894, 1.789289, 1.841733, 1.759635, 1.83254, 1.75662, 1.775537, 1.755216, 1.801855, 1.819005, 1.805316, 1.794318, 1.802173, 1.849887, 1.805959, 1.775708, 1.753581, 1.750843, 1.813543, 1.765031, 1.785836, 1.801806, 1.862102, 1.778422, 1.757834, 1.743204, 1.73452, 1.751215, 1.791912, 1.758461, 1.765423, 1.789944, 1.797108, 1.870611, 1.778255, 1.847886, 1.822505, 1.803567, 1.809292, 1.78521, 1.802459, 1.770851, 1.808037, 1.804208, 1.859003, 1.838022, 1.810511, 1.846657, 1.813103, 1.77834, 1.789822, 1.797055, 1.83247, 1.795368, 1.861272, 1.749611, 1.794268, 1.84835, 1.767641, 1.813282, 1.776932, 1.848257, 1.797939, 1.767444, 1.835414, 1.7804, 1.828993, 1.786787, 1.830017, 1.800172, 1.796525, 1.80884, 1.81431, 1.887463, 1.785426, 1.794881, 1.853581, 1.847804, 1.814835, 1.799513, 1.878185, 1.805884, 1.77316, 1.815341, 1.807955, 1.803033, 1.767214, 1.821999, 1.814174, 1.831266, 1.801057, 1.771982, 1.855684, 1.80524, 1.802387, 1.775243, 1.823178, 1.826238, 1.804571, 1.818708, 1.817461, 1.89272, 1.840177, 1.812629, 1.849655, 1.753137, 1.830612, 1.751816, 1.850936, 1.821796, 1.784087, 1.86771, 1.774794, 1.815055, 1.80549, 1.812647, 1.831677, 1.805356, 1.827335, 1.789719, 1.849157, 1.783907, 1.818167, 1.824381, 1.76843, 1.829611, 1.808914, 1.825148, 1.783229, 1.713503, 1.827262, 1.803877, 1.865684, 1.804845, 1.834044, 1.796498, 1.867973, 1.854056, 1.822103, 1.805547, 1.800295, 1.809017, 1.774142, 1.765937, 1.849439, 1.798934, 1.849195, 1.780331, 1.822453, 1.819358, 1.80945, 1.837448, 1.810886, 1.872598, 1.765244, 1.783148, 1.788478, 1.806787, 1.803049, 1.800971, 1.813296, 1.810701, 1.861889, 1.832617, 1.811166, 1.865025, 1.76357, 1.800661, 1.815017, 1.787853, 1.821799, 1.819285, 1.869762, 1.772494, 1.791951, 1.79673, 1.812591, 1.823723, 1.778707, 1.808581, 1.759772, 1.763049, 1.836039, 1.791956, 1.871529, 1.804182, 1.856528, 1.837981, 1.812912, 1.82414, 1.799046, 1.807901, 1.800929, 1.840372, 1.826585, 1.804219, 1.83028, 1.802766, 1.807391, 1.832116, 1.827649, 1.816245, 1.791356, 1.819445, 1.776707, 1.77812, 1.811936, 1.824378, 1.799665, 1.800208, 1.814469, 1.808137, 1.7944, 1.809021, 1.808207, 1.796644, 1.767354, 1.81174, 1.734676, 1.825267, 1.800062, 1.762387, 1.8239, 1.77334, 1.802879, 1.803583, 1.852038]",2026-08-17T18:14:04+00:00,ip-172-31-15-37,Linux-6.17.0-1017-aws-x86_64-with-glibc2.39,3.12.3,ec2-<PUBLIC-IP>.<region>.compute.amazonaws.com,
Trinity,50,median reported; mean/stdev/ci95 also given,,,300,2.25755398999695,2.2599375000140753,0.046088332141526134,0.005215385749808554,2.1156760000167196,2.446507000058773,"[2.262912, 2.282659, 2.265123, 2.251896, 2.269945, 2.218866, 2.244798, 2.312251, 2.260554, 2.241402, 2.162625, 2.261554, 2.362519, 2.2037, 2.318155, 2.216949, 2.20286, 2.203034, 2.274848, 2.252679, 2.282811, 2.243843, 2.252865, 2.296819, 2.124294, 2.211834, 2.206237, 2.268806, 2.15925, 2.174752, 2.244547, 2.18706, 2.205805, 2.248321, 2.248355, 2.237765, 2.31162, 2.244648, 2.340491, 2.259614, 2.195586, 2.23761, 2.132453, 2.195125, 2.133216, 2.216024, 2.217102, 2.184146, 2.150564, 2.146467, 2.168936, 2.233579, 2.163668, 2.298993, 2.115676, 2.224492, 2.250203, 2.30001, 2.261, 2.239221, 2.203716, 2.180062, 2.243152, 2.175241, 2.238204, 2.214215, 2.341777, 2.270625, 2.259857, 2.307073, 2.193502, 2.302838, 2.224189, 2.317172, 2.273043, 2.29146, 2.291978, 2.226637, 2.276067, 2.145238, 2.263114, 2.265107, 2.20213, 2.263249, 2.226501, 2.265657, 2.240039, 2.243232, 2.250107, 2.306266, 2.2592, 2.22612, 2.221749, 2.261807, 2.248754, 2.211755, 2.252657, 2.181711, 2.211453, 2.21243, 2.146724, 2.251544, 2.169503, 2.296382, 2.223767, 2.26915, 2.266894, 2.31833, 2.283536, 2.255376, 2.340827, 2.212202, 2.280848, 2.213645, 2.279371, 2.345095, 2.225973, 2.340509, 2.200354, 2.270688, 2.260049, 2.218944, 2.275257, 2.227224, 2.278316, 2.233587, 2.297303, 2.187028, 2.263141, 2.256833, 2.268217, 2.279793, 2.230915, 2.285757, 2.189479, 2.306012, 2.288253, 2.288473, 2.276644, 2.253184, 2.286825, 2.197808, 2.238836, 2.226907, 2.234525, 2.355063, 2.254074, 2.335243, 2.298815, 2.215161, 2.251184, 2.180982, 2.347424, 2.263882, 2.264111, 2.230052, 2.247392, 2.252027, 2.247193, 2.261417, 2.232373, 2.280557, 2.27299, 2.246921, 2.307363, 2.263136, 2.272036, 2.231282, 2.266635, 2.27483, 2.233099, 2.292433, 2.242603, 2.321524, 2.341937, 2.25291, 2.446507, 2.285184, 2.302397, 2.239017, 2.295465, 2.216904, 2.234496, 2.240345, 2.21698, 2.342967, 2.246884, 2.276513, 2.288879, 2.32764, 2.267039, 2.236199, 2.243691, 2.237882, 2.342798, 2.273893, 2.246083, 2.25855, 2.224734, 2.357389, 2.240169, 2.250235, 2.204513, 2.269157, 2.330044, 2.292029, 2.308047, 2.303971, 2.338475, 2.266821, 2.260294, 2.237146, 2.247914, 2.253253, 2.245649, 2.288973, 2.273079, 2.283893, 2.257703, 2.20404, 2.27862, 2.267306, 2.324621, 2.278656, 2.240324, 2.326452, 2.281091, 2.274597, 2.275819, 2.23106, 2.259328, 2.267213, 2.299472, 2.282586, 2.290564, 2.257176, 2.25373, 2.389244, 2.219988, 2.27376, 2.27303, 2.258632, 2.314337, 2.275536, 2.330911, 2.262471, 2.2637, 2.274045, 2.273527, 2.35154, 2.245139, 2.268455, 2.247223, 2.282921, 2.281988, 2.292103, 2.335675, 2.242152, 2.324954, 2.292893, 2.279349, 2.295651, 2.229844, 2.283268, 2.221135, 2.287648, 2.282277, 2.233118, 2.327078, 2.265231, 2.305231, 2.267608, 2.267859, 2.260018, 2.270268, 2.271729, 2.20421, 2.299576, 2.26504, 2.250602, 2.267813, 2.258716, 2.239303, 2.208114, 2.290642, 2.280057, 2.254397, 2.227969, 2.243594, 2.294059, 2.241399, 2.282387, 2.236734, 2.294271, 2.270684, 2.230501, 2.267089, 2.218266, 2.244059, 2.233825]",2026-08-17T18:14:04+00:00,ip-172-31-15-37,Linux-6.17.0-1017-aws-x86_64-with-glibc2.39,3.12.3,ec2-<PUBLIC-IP>.<region>.compute.amazonaws.com,
VC-KASE,50,median reported; mean/stdev/ci95 also given,,2,300,2.2090405833288664,2.210990499975196,0.0413829921042017,0.004682926399721669,2.081769000028544,2.3379749999321575,"[2.200012, 2.269152, 2.161402, 2.246729, 2.21928, 2.2774, 2.216207, 2.234093, 2.255154, 2.195014, 2.237872, 2.1346, 2.214131, 2.186639, 2.226216, 2.289171, 2.167192, 2.221311, 2.22311, 2.201089, 2.218797, 2.162829, 2.243638, 2.197669, 2.134621, 2.14421, 2.158052, 2.093601, 2.228631, 2.081769, 2.192981, 2.157848, 2.110323, 2.232292, 2.161587, 2.197143, 2.206142, 2.268425, 2.212822, 2.202443, 2.133555, 2.159649, 2.182972, 2.101641, 2.170416, 2.099046, 2.254409, 2.117532, 2.216889, 2.12543, 2.1951, 2.155268, 2.14124, 2.128984, 2.184297, 2.16672, 2.207779, 2.233829, 2.16292, 2.216432, 2.104262, 2.148994, 2.112748, 2.189683, 2.185794, 2.220614, 2.226749, 2.202097, 2.282847, 2.199351, 2.222625, 2.211126, 2.214795, 2.213565, 2.191406, 2.211071, 2.141367, 2.18259, 2.144023, 2.164347, 2.176897, 2.27077, 2.170404, 2.21659, 2.304487, 2.180222, 2.298326, 2.209074, 2.194907, 2.213328, 2.171962, 2.18337, 2.197036, 2.171719, 2.19225, 2.206583, 2.194001, 2.197333, 2.172279, 2.138929, 2.165874, 2.119439, 2.234229, 2.18361, 2.21388, 2.204016, 2.222312, 2.224924, 2.236851, 2.2504, 2.169038, 2.226426, 2.193823, 2.288434, 2.184244, 2.205468, 2.254205, 2.161341, 2.22658, 2.249196, 2.260082, 2.223604, 2.193848, 2.245476, 2.17915, 2.246163, 2.211636, 2.245827, 2.169649, 2.210741, 2.241413, 2.187058, 2.234169, 2.158678, 2.239209, 2.231855, 2.258124, 2.240185, 2.207182, 2.218979, 2.215633, 2.275725, 2.190444, 2.20339, 2.304261, 2.231436, 2.21041, 2.179855, 2.189658, 2.192311, 2.183649, 2.234022, 2.219546, 2.265334, 2.216749, 2.202764, 2.216225, 2.234634, 2.209362, 2.211647, 2.191115, 2.183285, 2.222744, 2.228986, 2.259671, 2.228201, 2.174353, 2.231654, 2.162809, 2.238109, 2.187402, 2.17243, 2.337975, 2.205616, 2.336941, 2.206753, 2.203595, 2.275691, 2.19348, 2.182531, 2.246099, 2.189851, 2.221861, 2.194307, 2.221991, 2.225072, 2.203174, 2.223686, 2.24025, 2.200997, 2.169972, 2.20245, 2.210718, 2.224217, 2.175747, 2.201187, 2.217079, 2.179513, 2.284492, 2.216023, 2.214917, 2.156945, 2.21091, 2.223765, 2.226099, 2.194131, 2.218188, 2.268269, 2.218129, 2.199575, 2.302206, 2.190116, 2.213824, 2.170055, 2.162233, 2.243639, 2.250806, 2.195017, 2.207754, 2.240437, 2.220317, 2.263396, 2.21604, 2.173495, 2.209325, 2.223323, 2.276971, 2.221333, 2.196482, 2.224495, 2.184842, 2.208309, 2.167572, 2.235367, 2.228097, 2.213121, 2.282099, 2.224117, 2.234596, 2.207126, 2.204289, 2.24828, 2.246189, 2.296263, 2.230452, 2.237187, 2.197682, 2.198565, 2.210302, 2.207674, 2.246724, 2.186081, 2.268447, 2.208542, 2.248357, 2.296341, 2.205429, 2.291181, 2.228547, 2.249409, 2.239967, 2.217824, 2.260131, 2.200868, 2.228602, 2.235609, 2.256339, 2.283018, 2.209884, 2.268283, 2.222905, 2.217238, 2.267077, 2.148817, 2.21618, 2.179113, 2.239127, 2.209508, 2.175289, 2.214358, 2.222095, 2.177562, 2.177002, 2.232171, 2.209062, 2.173089, 2.226824, 2.12055, 2.242426, 2.196896, 2.119041, 2.163548, 2.217975, 2.21953, 2.170316, 2.235299, 2.217659, 2.229109, 2.164544, 2.241335]",2026-08-17T18:14:04+00:00,ip-172-31-15-37,Linux-6.17.0-1017-aws-x86_64-with-glibc2.39,3.12.3,ec2-<PUBLIC-IP>.<region>.compute.amazonaws.com,
BVCRSA,100,median reported; mean/stdev/ci95 also given,764,,300,3.4772006399991064,3.4734555,0.09324467304056046,0.010551628067771377,3.2552499999383144,4.030679000038617,"[4.030679, 3.516473, 3.411237, 3.35348, 3.50421, 3.47648, 3.549272, 3.521765, 3.542703, 3.523911, 3.419337, 3.672264, 3.42634, 3.498652, 3.415258, 3.485462, 3.457281, 3.501823, 3.487516, 3.503276, 3.355013, 3.311591, 3.320558, 3.447036, 3.485196, 3.475179, 3.430254, 3.537816, 3.513078, 3.396377, 3.486168, 3.540708, 3.517077, 3.591627, 3.599551, 3.488859, 3.454682, 3.498831, 3.47397, 3.414242, 3.385826, 3.40684, 3.305333, 3.396312, 3.407064, 3.430149, 3.472941, 3.471456, 3.388977, 3.320011, 3.326144, 3.361801, 3.363133, 3.41767, 3.381628, 3.404242, 3.351603, 3.364819, 3.383287, 3.276651, 3.414109, 3.402069, 3.315078, 3.3045, 3.351926, 3.334507, 3.267982, 3.25525, 3.395684, 3.386397, 3.483857, 3.301436, 3.284506, 3.357476, 3.328301, 3.379233, 3.394207, 3.436663, 3.39152, 3.414836, 3.512414, 3.487531, 3.615758, 3.425234, 3.455545, 3.556975, 3.331607, 3.451379, 3.420742, 3.333698, 3.418714, 3.344133, 3.419925, 3.316162, 3.405732, 3.357601, 3.381112, 3.349742, 3.360892, 3.466093, 3.522656, 3.326826, 3.461481, 3.366607, 3.351049, 3.467867, 3.457052, 3.518099, 3.347907, 3.434326, 3.377078, 3.390967, 3.406317, 3.377864, 3.50655, 3.452616, 3.392882, 3.496341, 3.406913, 3.471285, 3.445639, 3.506372, 3.583191, 3.525358, 3.466502, 3.503293, 3.433425, 3.421051, 3.388411, 3.412104, 3.416999, 3.417419, 3.468041, 3.372348, 3.598437, 3.535992, 3.549714, 3.563216, 3.618053, 3.607168, 3.465608, 3.604607, 3.464798, 3.534398, 3.457336, 3.520838, 3.501229, 3.533095, 3.472859, 3.592294, 3.595626, 3.587239, 3.578038, 3.568114, 3.494532, 3.375168, 3.42665, 3.436396, 3.473972, 3.42305, 3.456205, 3.326788, 3.420892, 3.410455, 3.447412, 3.476953, 3.509013, 3.439511, 3.485899, 3.42382, 3.458424, 3.400941, 3.434387, 3.346546, 3.492202, 3.371118, 3.410001, 3.414286, 3.425222, 3.477667, 3.42229, 3.398463, 3.483851, 3.426105, 3.445628, 3.415795, 3.46466, 3.444465, 3.430753, 3.434209, 3.453371, 3.582511, 3.48713, 3.53863, 3.481229, 3.3719, 3.493265, 3.445952, 3.594169, 3.558469, 3.560276, 3.54782, 3.517872, 3.456312, 3.515122, 3.588307, 3.474797, 3.592225, 3.548193, 3.541942, 3.597936, 3.570763, 3.554699, 3.506744, 3.589717, 3.546977, 3.468165, 3.565271, 3.536912, 3.603069, 3.568799, 3.573371, 3.53355, 3.573781, 3.484811, 3.4923, 3.458239, 3.581042, 3.609262, 3.687787, 3.544496, 3.544367, 3.594066, 3.609848, 3.547008, 3.465629, 3.564761, 3.588929, 3.601397, 3.532085, 3.582258, 3.559196, 3.52604, 3.569386, 3.621989, 3.592784, 3.617277, 3.583175, 3.662981, 3.624875, 3.646627, 3.57605, 3.589628, 3.466189, 3.412973, 3.499461, 3.447856, 3.53959, 3.530401, 3.547121, 3.604003, 3.427181, 3.475826, 3.434806, 3.487569, 3.528335, 3.652379, 3.657206, 3.608537, 3.784647, 3.608279, 3.604546, 3.510898, 3.52098, 3.552468, 3.519569, 3.600754, 3.517085, 3.470654, 3.517659, 3.445859, 3.434906, 3.46207, 3.503089, 3.416389, 3.526299, 3.503806, 3.519837, 3.529546, 3.463763, 3.432473, 3.491958, 3.482543, 3.429951, 3.56993, 3.519616, 3.451388, 3.434264, 3.401508, 3.489617]",2026-08-17T18:14:04+00:00,ip-172-31-15-37,Linux-6.17.0-1017-aws-x86_64-with-glibc2.39,3.12.3,ec2-<PUBLIC-IP>.<region>.compute.amazonaws.com,
Trinity,100,median reported; mean/stdev/ci95 also given,,,300,4.344903719998001,4.349783000009211,0.10098505271509427,0.011427534484360891,4.092711999987841,4.639469000039753,"[4.405764, 4.243733, 4.140595, 4.379652, 4.476713, 4.46048, 4.433157, 4.354789, 4.409353, 4.431185, 4.490825, 4.378086, 4.435272, 4.373577, 4.398267, 4.411638, 4.36028, 4.445852, 4.410052, 4.305434, 4.16779, 4.259832, 4.208026, 4.415629, 4.344193, 4.303456, 4.367318, 4.35095, 4.467701, 4.365565, 4.428715, 4.392334, 4.457191, 4.438301, 4.455547, 4.371974, 4.302934, 4.380548, 4.391399, 4.330054, 4.218548, 4.230888, 4.136328, 4.274686, 4.387192, 4.409739, 4.478658, 4.449759, 4.357335, 4.262252, 4.338966, 4.225844, 4.265476, 4.219115, 4.340482, 4.263245, 4.239914, 4.218952, 4.176824, 4.157001, 4.119144, 4.137869, 4.094309, 4.104768, 4.114919, 4.110716, 4.10124, 4.261079, 4.227339, 4.252826, 4.197201, 4.092712, 4.267783, 4.236405, 4.144451, 4.196739, 4.236115, 4.25929, 4.237605, 4.379588, 4.367095, 4.47943, 4.301839, 4.370919, 4.460306, 4.319665, 4.323387, 4.330853, 4.256189, 4.253784, 4.342075, 4.246519, 4.269978, 4.261354, 4.243345, 4.339811, 4.222121, 4.214173, 4.33197, 4.266957, 4.366728, 4.197887, 4.330509, 4.296626, 4.249452, 4.380633, 4.395386, 4.419352, 4.258178, 4.360893, 4.264574, 4.420915, 4.202457, 4.221932, 4.37261, 4.354081, 4.262899, 4.308747, 4.255501, 4.245269, 4.344555, 4.365597, 4.398794, 4.340382, 4.266879, 4.219141, 4.198078, 4.226846, 4.218405, 4.270346, 4.23846, 4.34405, 4.223792, 4.340983, 4.482989, 4.556509, 4.448003, 4.477599, 4.4561, 4.404582, 4.415205, 4.35549, 4.411954, 4.444457, 4.33185, 4.377766, 4.3715, 4.43198, 4.562832, 4.458769, 4.386534, 4.526086, 4.451613, 4.474482, 4.319971, 4.343706, 4.308423, 4.364788, 4.402718, 4.238937, 4.323162, 4.305954, 4.237329, 4.268655, 4.348781, 4.367165, 4.347558, 4.395307, 4.421841, 4.32965, 4.305241, 4.314275, 4.327044, 4.274024, 4.400898, 4.28565, 4.251734, 4.352539, 4.335423, 4.24801, 4.223135, 4.399534, 4.40174, 4.37012, 4.346735, 4.338639, 4.34358, 4.323574, 4.41423, 4.332388, 4.32385, 4.401116, 4.336602, 4.458804, 4.424588, 4.376446, 4.380927, 4.43174, 4.456219, 4.492934, 4.495182, 4.349598, 4.396261, 4.442584, 4.447481, 4.466215, 4.386288, 4.479592, 4.462853, 4.446637, 4.351688, 4.479706, 4.355389, 4.604977, 4.330251, 4.373342, 4.341949, 4.320158, 4.390374, 4.475734, 4.370884, 4.428683, 4.360723, 4.368649, 4.276086, 4.26124, 4.340726, 4.38155, 4.437018, 4.444146, 4.490061, 4.448138, 4.475516, 4.486201, 4.453185, 4.381316, 4.449296, 4.540694, 4.473812, 4.471341, 4.506173, 4.487534, 4.602911, 4.458026, 4.496866, 4.449964, 4.410775, 4.482753, 4.443918, 4.463632, 4.40062, 4.407754, 4.444117, 4.359328, 4.281288, 4.34402, 4.349968, 4.450883, 4.403047, 4.34154, 4.383813, 4.234385, 4.316975, 4.271493, 4.393079, 4.33238, 4.495949, 4.496169, 4.574422, 4.639469, 4.308065, 4.3261, 4.217999, 4.394366, 4.390593, 4.385333, 4.348945, 4.293276, 4.311824, 4.29623, 4.181856, 4.15713, 4.249258, 4.171649, 4.286104, 4.367554, 4.335049, 4.366516, 4.238067, 4.229863, 4.239411, 4.350919, 4.25707, 4.264691, 4.233834, 4.277455, 4.243884, 4.261019, 4.220054, 4.256073]",2026-08-17T18:14:04+00:00,ip-172-31-15-37,Linux-6.17.0-1017-aws-x86_64-with-glibc2.39,3.12.3,ec2-<PUBLIC-IP>.<region>.compute.amazonaws.com,
VC-KASE,100,median reported; mean/stdev/ci95 also given,,2,300,2.1979691433364223,2.199302999997599,0.05457517847198492,0.0061757628204469825,2.0258910000165997,2.3602500000379223,"[2.273597, 2.138356, 2.175048, 2.200039, 2.233764, 2.212477, 2.282444, 2.36025, 2.221982, 2.178049, 2.296268, 2.249233, 2.194435, 2.191743, 2.273862, 2.228574, 2.244777, 2.208551, 2.203526, 2.161427, 2.160721, 2.181497, 2.156609, 2.198951, 2.218409, 2.199269, 2.25973, 2.229324, 2.223891, 2.197535, 2.226783, 2.197227, 2.223857, 2.262785, 2.163274, 2.226806, 2.161897, 2.196638, 2.114887, 2.161399, 2.146823, 2.161231, 2.111268, 2.189815, 2.177751, 2.201632, 2.211235, 2.192827, 2.16004, 2.15525, 2.148894, 2.168505, 2.163363, 2.172472, 2.210256, 2.186964, 2.285629, 2.191865, 2.103987, 2.100064, 2.12428, 2.131335, 2.025891, 2.100628, 2.108413, 2.058031, 2.155397, 2.13247, 2.104929, 2.160021, 2.043225, 2.144009, 2.044595, 2.167888, 2.164414, 2.090406, 2.107733, 2.094758, 2.141928, 2.143904, 2.212301, 2.202735, 2.118151, 2.132032, 2.234654, 2.099644, 2.135574, 2.084073, 2.1697, 2.182032, 2.184513, 2.127011, 2.139806, 2.150096, 2.142274, 2.187807, 2.137961, 2.136931, 2.175243, 2.192549, 2.156591, 2.134781, 2.154021, 2.163721, 2.278932, 2.191204, 2.228049, 2.226819, 2.17626, 2.247162, 2.196232, 2.156397, 2.229608, 2.146287, 2.245076, 2.226027, 2.176611, 2.146356, 2.189224, 2.154475, 2.219546, 2.214013, 2.242294, 2.148172, 2.152574, 2.131503, 2.185834, 2.103021, 2.187818, 2.173685, 2.163143, 2.214319, 2.148131, 2.202543, 2.211482, 2.225764, 2.285992, 2.23121, 2.282435, 2.218038, 2.302491, 2.180484, 2.204184, 2.238859, 2.181524, 2.234484, 2.198482, 2.232832, 2.213881, 2.28069, 2.249385, 2.2965, 2.280906, 2.206483, 2.170644, 2.119129, 2.191528, 2.149671, 2.17207, 2.17262, 2.160183, 2.165804, 2.127665, 2.193772, 2.188806, 2.214733, 2.224832, 2.261579, 2.229135, 2.161703, 2.178934, 2.195716, 2.193309, 2.260315, 2.205094, 2.167121, 2.179405, 2.241215, 2.173251, 2.167312, 2.143874, 2.220091, 2.205263, 2.212092, 2.192445, 2.198171, 2.186493, 2.203097, 2.205805, 2.27479, 2.209474, 2.220881, 2.202597, 2.270642, 2.212746, 2.277855, 2.202929, 2.268051, 2.257805, 2.283552, 2.294056, 2.16952, 2.175504, 2.127706, 2.202891, 2.187169, 2.220799, 2.235682, 2.201763, 2.241082, 2.197398, 2.299253, 2.148959, 2.240275, 2.216316, 2.237758, 2.244239, 2.233958, 2.234513, 2.231956, 2.222711, 2.245193, 2.217269, 2.151766, 2.241256, 2.180861, 2.219035, 2.2196, 2.31429, 2.288084, 2.282552, 2.294693, 2.248793, 2.285102, 2.217573, 2.261318, 2.241219, 2.219059, 2.243679, 2.211197, 2.285818, 2.273308, 2.307711, 2.243332, 2.217092, 2.284645, 2.206864, 2.309995, 2.218304, 2.337368, 2.287068, 2.235533, 2.206809, 2.100824, 2.200461, 2.098837, 2.21707, 2.199337, 2.265892, 2.203098, 2.214856, 2.098426, 2.149641, 2.184512, 2.253113, 2.212207, 2.302613, 2.28592, 2.234734, 2.307655, 2.183768, 2.194414, 2.177058, 2.231044, 2.207824, 2.234947, 2.235923, 2.203455, 2.176401, 2.230467, 2.130022, 2.246843, 2.1406, 2.183066, 2.140215, 2.257791, 2.181636, 2.217177, 2.186044, 2.197332, 2.148513, 2.203337, 2.104324, 2.247231, 2.151593, 2.224158, 2.098811, 2.16081, 2.172542, 2.134469]",2026-08-17T18:14:04+00:00,ip-172-31-15-37,Linux-6.17.0-1017-aws-x86_64-with-glibc2.39,3.12.3,ec2-<PUBLIC-IP>.<region>.compute.amazonaws.com,
BVCRSA,150,median reported; mean/stdev/ci95 also given,1058,,300,5.182143499999559,5.167921500003558,0.10754320043284253,0.012169658761005439,4.975830000034875,5.8414500000480984,"[5.475567, 5.319411, 5.100636, 5.085416, 5.090002, 5.219299, 5.198361, 5.086976, 5.177626, 5.131253, 5.1326, 5.288416, 5.367989, 5.467797, 5.242857, 5.098434, 5.222277, 5.066712, 5.025781, 5.186963, 4.97583, 5.174744, 5.063759, 5.01461, 5.052052, 5.019873, 5.16945, 5.087309, 5.060912, 5.045907, 5.002282, 5.142486, 5.075537, 5.014782, 5.061912, 5.124416, 5.091363, 5.019399, 5.133524, 5.170816, 5.164086, 5.213248, 5.132449, 5.236367, 5.148006, 5.084933, 5.249616, 5.248832, 5.358779, 5.275442, 5.113107, 5.195583, 5.184976, 5.28129, 5.194361, 5.157544, 5.102375, 5.064474, 5.172924, 5.134811, 5.112018, 5.177655, 5.201791, 5.063148, 5.164464, 5.189317, 5.089953, 5.234068, 5.143609, 5.226677, 5.490898, 5.125775, 5.142962, 5.132259, 5.108446, 5.060029, 5.273078, 5.456873, 5.059933, 5.087967, 5.081836, 5.068155, 5.120136, 5.182119, 5.155072, 5.131609, 5.109384, 5.069496, 5.102252, 5.095172, 5.087378, 5.207348, 4.994727, 5.112235, 5.135106, 5.098428, 5.161534, 5.115503, 5.167358, 5.263372, 5.223087, 5.299456, 5.218186, 5.072492, 5.129994, 5.100779, 5.211498, 5.096581, 5.067163, 5.10726, 5.135176, 5.162682, 5.119415, 5.056452, 5.139244, 5.094509, 5.175258, 5.120377, 5.185518, 5.475106, 5.186356, 5.123658, 5.160786, 5.240831, 5.12708, 5.223604, 5.259246, 5.237412, 5.300556, 5.157655, 5.214556, 5.260699, 5.096012, 5.093205, 5.170287, 5.264721, 5.266605, 5.303144, 5.350515, 5.253605, 5.260291, 5.281198, 5.296095, 5.211123, 5.201988, 5.377981, 5.225025, 5.337851, 5.301316, 5.240845, 5.367294, 5.203395, 5.229898, 5.286564, 5.281144, 5.169293, 5.173047, 5.166174, 5.141683, 5.420022, 5.267653, 5.388072, 5.548001, 5.268527, 5.248081, 5.25584, 5.248327, 5.287982, 5.23549, 5.293242, 5.119673, 5.096475, 5.248729, 5.143898, 5.168516, 5.171939, 5.217036, 5.120031, 5.114009, 5.159796, 5.108298, 5.113498, 5.086943, 5.134413, 5.099799, 5.096478, 5.074576, 5.100405, 5.196805, 5.020685, 5.182391, 5.108116, 5.188168, 5.182398, 5.206644, 5.155202, 5.079655, 5.086561, 5.05011, 5.244259, 5.101616, 5.130187, 5.118835, 5.182028, 5.251778, 5.130888, 5.269127, 5.223264, 5.230337, 5.312677, 5.173673, 5.00985, 5.041805, 5.082556, 5.165839, 5.231084, 5.042774, 5.1429, 5.127862, 5.076821, 5.137688, 5.114601, 4.979601, 5.190834, 5.112679, 5.121863, 5.078939, 5.238241, 5.293012, 5.232067, 5.232642, 5.228702, 5.142123, 5.056044, 5.018896, 5.098539, 5.266168, 5.132853, 5.195769, 5.189247, 5.272804, 5.281938, 5.34969, 5.117717, 5.10576, 5.137771, 5.274184, 5.163239, 5.269287, 5.138169, 5.107796, 5.145741, 5.230926, 5.063599, 5.078208, 5.119641, 5.321765, 5.089935, 5.123869, 5.366036, 5.027291, 5.280567, 5.136735, 5.20935, 5.203477, 5.144736, 5.046369, 5.179128, 5.13283, 5.168485, 5.185192, 5.118042, 5.214715, 5.209144, 5.455269, 5.84145, 5.106401, 5.234578, 5.139735, 5.386789, 5.225543, 5.290591, 5.308395, 5.184184, 5.301781, 5.342352, 5.206453, 5.389428, 5.146265, 5.288097, 5.398593, 5.184212, 5.211636, 5.181223, 5.296913, 5.345519, 5.315241, 5.416983, 5.072245, 5.285236]",2026-08-17T18:14:04+00:00,ip-172-31-15-37,Linux-6.17.0-1017-aws-x86_64-with-glibc2.39,3.12.3,ec2-<PUBLIC-IP>.<region>.compute.amazonaws.com,
Trinity,150,median reported; mean/stdev/ci95 also given,,,300,6.485986169998341,6.47773700001153,0.11073673271265516,0.012531040958402894,6.222868999998354,6.937400000083471,"[6.693903, 6.461545, 6.452299, 6.432853, 6.333453, 6.590038, 6.438877, 6.515717, 6.432058, 6.475738, 6.42561, 6.548364, 6.635488, 6.50341, 6.446544, 6.466036, 6.425792, 6.506231, 6.416974, 6.320022, 6.491737, 6.34694, 6.373219, 6.312793, 6.248896, 6.339791, 6.44368, 6.433716, 6.4045, 6.353187, 6.222869, 6.327095, 6.393559, 6.323667, 6.452248, 6.489194, 6.346581, 6.479687, 6.629351, 6.497168, 6.322298, 6.525632, 6.552874, 6.630604, 6.383743, 6.366089, 6.62077, 6.534623, 6.434555, 6.38985, 6.500588, 6.455456, 6.602656, 6.484738, 6.506962, 6.491652, 6.32577, 6.477719, 6.615019, 6.397801, 6.522186, 6.44631, 6.436393, 6.416926, 6.458108, 6.544288, 6.408959, 6.559717, 6.667025, 6.533907, 6.46823, 6.39254, 6.517794, 6.479633, 6.482471, 6.472156, 6.638084, 6.333607, 6.427894, 6.366846, 6.408458, 6.42656, 6.492708, 6.414244, 6.457918, 6.42541, 6.614194, 6.331231, 6.332105, 6.483782, 6.413778, 6.633526, 6.410007, 6.410487, 6.437021, 6.486523, 6.34098, 6.378611, 6.42712, 6.644243, 6.569957, 6.591287, 6.357765, 6.514267, 6.349615, 6.439476, 6.541603, 6.451015, 6.443413, 6.246323, 6.406788, 6.455758, 6.360709, 6.479936, 6.442118, 6.356798, 6.515734, 6.596682, 6.495075, 6.508925, 6.598869, 6.586034, 6.556567, 6.545962, 6.401227, 6.54413, 6.535766, 6.512208, 6.503069, 6.400741, 6.567568, 6.548456, 6.401631, 6.448284, 6.56234, 6.434581, 6.576402, 6.689049, 6.648257, 6.765861, 6.407048, 6.522549, 6.565942, 6.61692, 6.575611, 6.581587, 6.552508, 6.63798, 6.761146, 6.520155, 6.598187, 6.542643, 6.540989, 6.687592, 6.529958, 6.502036, 6.469066, 6.432024, 6.678669, 6.660932, 6.658964, 6.9374, 6.625869, 6.67246, 6.538418, 6.653121, 6.593385, 6.518508, 6.628834, 6.409682, 6.343305, 6.50316, 6.617628, 6.443776, 6.433175, 6.340439, 6.527503, 6.371291, 6.545875, 6.404806, 6.406259, 6.540906, 6.442647, 6.410965, 6.495504, 6.391999, 6.42011, 6.472754, 6.382339, 6.411031, 6.343857, 6.456551, 6.649723, 6.49581, 6.533874, 6.414534, 6.369193, 6.433713, 6.453502, 6.432739, 6.584307, 6.373527, 6.504584, 6.531999, 6.436721, 6.528668, 6.559344, 6.45481, 6.546125, 6.748053, 6.440392, 6.303105, 6.410085, 6.635672, 6.546965, 6.505425, 6.347329, 6.294805, 6.430926, 6.338987, 6.542324, 6.383852, 6.32033, 6.730652, 6.379424, 6.317937, 6.389897, 6.599812, 6.517614, 6.466061, 6.31871, 6.514958, 6.393791, 6.315165, 6.42347, 6.350245, 6.656329, 6.339739, 6.496879, 6.47018, 6.564373, 6.605866, 6.798379, 6.42463, 6.483665, 6.530205, 6.393958, 6.354727, 6.402723, 6.383559, 6.4257, 6.425456, 6.378848, 6.376261, 6.22674, 6.659758, 6.524353, 6.349112, 6.690496, 6.712335, 6.484989, 6.535146, 6.593779, 6.510969, 6.46423, 6.39286, 6.477755, 6.356497, 6.446236, 6.51931, 6.393256, 6.430398, 6.371125, 6.689263, 6.649465, 6.649399, 6.359082, 6.511944, 6.485968, 6.551115, 6.578349, 6.594399, 6.448751, 6.637151, 6.575391, 6.621645, 6.603699, 6.55723, 6.584279, 6.468809, 6.724003, 6.490516, 6.426815, 6.612276, 6.593833, 6.723208, 6.535332, 6.506912, 6.447547, 6.380972]",2026-08-17T18:14:04+00:00,ip-172-31-15-37,Linux-6.17.0-1017-aws-x86_64-with-glibc2.39,3.12.3,ec2-<PUBLIC-IP>.<region>.compute.amazonaws.com,
VC-KASE,150,median reported; mean/stdev/ci95 also given,,2,300,2.184296676668206,2.1836669999402147,0.05240113732008023,0.005929746904567809,2.073446000053991,2.3716309999599616,"[2.215209, 2.206662, 2.13139, 2.181309, 2.19428, 2.230481, 2.156645, 2.157279, 2.121643, 2.191073, 2.179558, 2.280581, 2.241189, 2.187338, 2.240533, 2.137259, 2.19819, 2.087408, 2.169639, 2.138534, 2.195119, 2.120749, 2.152763, 2.098166, 2.103697, 2.225597, 2.120308, 2.142084, 2.195367, 2.09048, 2.115269, 2.16588, 2.085338, 2.186973, 2.155346, 2.112922, 2.199095, 2.122407, 2.233617, 2.178434, 2.187595, 2.228656, 2.192745, 2.176373, 2.171822, 2.215085, 2.256201, 2.212439, 2.191768, 2.252853, 2.138098, 2.282971, 2.126046, 2.192833, 2.218227, 2.107035, 2.091683, 2.163091, 2.119429, 2.270996, 2.175085, 2.152327, 2.234064, 2.149062, 2.19115, 2.218368, 2.183816, 2.241266, 2.187555, 2.209767, 2.169753, 2.101423, 2.219942, 2.145687, 2.149935, 2.231702, 2.223947, 2.145139, 2.07846, 2.152875, 2.172881, 2.101072, 2.184283, 2.159478, 2.153761, 2.150427, 2.171807, 2.138593, 2.178987, 2.09936, 2.141772, 2.233801, 2.095324, 2.185362, 2.152257, 2.137677, 2.224115, 2.096526, 2.275031, 2.220623, 2.286906, 2.178317, 2.146644, 2.11418, 2.201044, 2.112858, 2.17561, 2.226774, 2.095819, 2.232884, 2.126847, 2.191197, 2.118097, 2.16621, 2.188008, 2.174755, 2.217718, 2.16062, 2.25077, 2.123215, 2.219114, 2.146335, 2.216019, 2.135427, 2.281603, 2.260771, 2.184263, 2.223782, 2.216514, 2.177924, 2.347081, 2.099018, 2.140366, 2.182134, 2.15038, 2.279993, 2.161414, 2.253518, 2.241949, 2.225795, 2.174008, 2.193759, 2.186845, 2.216084, 2.216025, 2.223848, 2.165167, 2.227068, 2.152404, 2.238226, 2.299306, 2.140555, 2.245734, 2.130644, 2.180185, 2.215846, 2.170802, 2.141037, 2.222186, 2.193955, 2.32928, 2.249728, 2.242297, 2.226892, 2.201079, 2.244625, 2.239666, 2.25325, 2.219675, 2.1176, 2.171497, 2.196209, 2.279805, 2.158007, 2.263194, 2.200933, 2.205293, 2.136203, 2.194938, 2.107306, 2.128245, 2.124425, 2.1867, 2.152187, 2.161003, 2.209811, 2.127182, 2.162439, 2.176843, 2.121561, 2.120588, 2.141228, 2.202886, 2.193503, 2.206906, 2.112522, 2.256434, 2.12933, 2.179753, 2.214887, 2.172342, 2.209463, 2.127483, 2.253982, 2.173126, 2.189027, 2.20771, 2.201754, 2.169815, 2.247605, 2.108183, 2.089742, 2.210621, 2.125351, 2.221218, 2.095584, 2.170737, 2.144712, 2.111928, 2.1887, 2.21637, 2.13389, 2.116565, 2.166089, 2.183518, 2.108994, 2.277843, 2.22389, 2.249726, 2.168156, 2.1657, 2.160122, 2.194596, 2.153049, 2.073446, 2.174659, 2.178201, 2.167354, 2.231509, 2.192282, 2.188844, 2.323335, 2.219994, 2.191495, 2.131187, 2.227323, 2.143961, 2.16759, 2.188181, 2.195183, 2.132579, 2.184656, 2.123224, 2.159201, 2.115085, 2.27504, 2.155542, 2.141051, 2.217251, 2.23616, 2.152284, 2.174084, 2.209963, 2.238268, 2.134432, 2.208364, 2.105514, 2.227246, 2.17701, 2.226187, 2.181516, 2.137754, 2.253012, 2.371631, 2.290128, 2.172796, 2.184389, 2.216688, 2.133675, 2.264347, 2.228947, 2.275004, 2.234305, 2.222786, 2.223527, 2.158633, 2.199094, 2.245721, 2.197438, 2.3251, 2.105643, 2.213252, 2.185008, 2.181255, 2.269462, 2.196606, 2.175822, 2.208148, 2.147809, 2.176547]",2026-08-17T18:14:04+00:00,ip-172-31-15-37,Linux-6.17.0-1017-aws-x86_64-with-glibc2.39,3.12.3,ec2-<PUBLIC-IP>.<region>.compute.amazonaws.com,
BVCRSA,200,median reported; mean/stdev/ci95 also given,1328,,300,7.002289893335576,6.961794000005739,0.17204903092263954,0.019469180646132032,6.698346000007405,8.1159999999727,"[7.086, 6.925381, 7.060643, 7.07921, 7.051722, 6.914727, 6.906468, 6.953029, 7.104016, 6.963235, 6.927283, 6.966377, 6.832142, 6.860028, 6.739691, 6.80291, 6.882177, 6.841426, 6.867756, 7.034765, 6.9282, 6.963135, 6.990363, 6.89695, 7.006247, 6.999789, 7.028003, 7.112149, 6.962589, 7.12151, 6.924957, 6.933158, 6.90135, 7.137108, 8.116, 7.035, 7.120412, 7.30823, 7.325777, 6.889036, 7.224155, 7.040487, 6.876404, 6.943248, 6.852578, 6.989435, 6.995935, 7.036929, 7.028602, 6.956872, 7.167028, 7.213045, 7.359061, 7.146541, 7.219261, 7.098435, 7.129616, 7.080938, 7.080934, 7.11232, 7.153154, 7.03129, 7.081776, 6.968591, 7.005347, 6.959775, 6.942753, 7.079372, 7.052982, 7.051648, 7.21693, 7.047285, 7.236647, 7.153213, 7.031164, 6.982925, 6.856072, 6.76761, 6.833711, 6.984093, 6.865445, 6.886272, 6.927203, 6.933955, 6.741198, 6.877463, 6.952842, 7.395521, 7.225023, 6.931784, 6.946151, 6.937409, 6.909593, 6.960999, 7.005346, 7.064734, 6.929748, 7.007422, 6.981307, 6.898105, 6.907925, 7.001886, 7.037233, 7.008373, 6.855189, 7.001492, 6.895412, 6.867297, 6.698346, 6.842721, 6.912757, 6.860408, 6.78011, 7.250168, 6.927191, 6.883695, 6.845348, 6.833493, 6.726276, 6.875748, 6.744651, 6.841658, 6.804092, 6.79625, 6.726197, 6.813605, 6.84112, 6.851337, 6.700875, 6.954524, 6.958573, 6.923546, 6.898715, 6.901955, 6.825744, 6.900041, 6.884727, 7.499654, 6.828169, 6.812387, 7.012503, 7.033031, 6.886592, 6.92934, 6.967788, 6.992915, 6.766593, 6.909847, 6.787155, 6.956226, 6.908235, 6.860775, 6.977158, 6.756257, 6.835499, 6.80887, 6.814836, 6.935641, 6.974542, 6.977282, 6.831719, 6.8284, 6.928851, 7.099309, 6.935553, 7.004178, 7.049837, 6.989729, 6.890858, 6.859823, 6.915758, 6.898468, 6.817877, 6.944799, 6.943815, 6.909949, 6.995322, 7.329102, 6.833759, 6.997185, 7.022786, 6.948019, 6.86943, 7.057732, 6.841878, 6.895934, 6.865663, 6.871429, 6.91231, 6.91986, 6.923876, 6.951989, 6.974526, 6.924689, 6.923449, 6.986242, 6.851747, 6.904831, 6.937029, 6.925945, 7.043208, 7.076875, 7.064686, 6.922946, 7.07232, 7.038773, 7.013518, 7.079691, 6.938628, 7.130188, 6.811694, 7.089647, 7.015994, 7.03536, 7.025211, 6.879556, 6.917788, 6.872416, 7.074289, 6.793877, 6.901175, 6.808483, 6.898333, 6.970459, 6.850582, 6.895217, 6.921478, 6.902193, 7.018516, 6.938184, 6.914301, 7.311674, 7.744558, 6.842292, 6.834619, 6.92258, 7.021789, 7.096195, 7.000453, 7.461051, 6.765917, 6.798984, 6.865103, 6.829194, 6.90646, 6.82534, 6.92228, 6.841011, 6.910936, 6.849551, 6.933193, 7.161022, 7.253825, 7.204731, 7.048478, 6.97175, 7.426283, 7.06248, 7.188301, 7.221012, 7.129267, 7.257914, 7.128885, 7.1093, 7.177395, 7.160661, 7.073938, 7.279793, 7.188265, 7.121381, 7.349545, 7.301714, 7.336369, 7.090769, 7.194568, 7.280967, 7.305303, 7.273163, 7.337782, 7.320598, 7.311361, 7.199793, 7.374582, 7.253857, 7.20565, 7.230533, 7.344472, 7.164756, 7.163322, 7.251656, 7.140696, 7.130894, 7.156178, 7.130053, 7.131577, 7.198629, 6.889226, 6.977877, 6.940146, 6.949226]",2026-08-17T18:14:04+00:00,ip-172-31-15-37,Linux-6.17.0-1017-aws-x86_64-with-glibc2.39,3.12.3,ec2-<PUBLIC-IP>.<region>.compute.amazonaws.com,
Trinity,200,median reported; mean/stdev/ci95 also given,,,300,8.712697989998333,8.694900500017866,0.17374055618449694,0.01966059474892582,8.29858300005526,9.304102999976749,"[8.702314, 8.697318, 8.690993, 8.778353, 8.759128, 8.579381, 8.696896, 8.721874, 8.5591, 8.70201, 8.576364, 8.564374, 8.484729, 8.298583, 8.402361, 8.430353, 8.495232, 8.561689, 8.717311, 8.637095, 8.768735, 8.617421, 8.793979, 8.628289, 8.640327, 8.898638, 8.786827, 8.866614, 8.767421, 8.709297, 8.596665, 8.757121, 8.893022, 8.868889, 8.845682, 8.684371, 8.997551, 9.050597, 8.49666, 8.671353, 8.713877, 8.661439, 8.533255, 8.634863, 8.738297, 8.772847, 8.730453, 8.59984, 8.761951, 8.755732, 9.019773, 8.964486, 9.121743, 8.838849, 8.843511, 8.695979, 8.881646, 8.933716, 8.840193, 8.738813, 8.88971, 8.866613, 8.714447, 8.992328, 8.723311, 8.654328, 8.928822, 8.822436, 8.667884, 8.71852, 8.810598, 9.111427, 8.822154, 8.775344, 8.61468, 8.481445, 8.528736, 8.5452, 8.54381, 8.544032, 8.597582, 8.562981, 8.672084, 8.521628, 8.476109, 8.677228, 8.771733, 9.040274, 8.85804, 8.600489, 8.905955, 8.602242, 8.627763, 8.739658, 8.767646, 8.829008, 8.599366, 8.665562, 8.740228, 8.627626, 8.6868, 8.650081, 8.703909, 8.62961, 8.628535, 8.660286, 8.4963, 8.32152, 8.49305, 8.581997, 8.695523, 8.473341, 8.524887, 9.048707, 8.660745, 8.571443, 8.340746, 8.550663, 8.428633, 8.496786, 8.534601, 8.52727, 8.499351, 8.497122, 8.537895, 8.646893, 8.485564, 8.581362, 8.608146, 8.473367, 8.589015, 8.560166, 8.757134, 8.522646, 8.686867, 8.681297, 8.724783, 8.685932, 8.581923, 8.54477, 8.61838, 8.713968, 8.769014, 8.80254, 8.535913, 8.746307, 8.557231, 8.748904, 8.808453, 8.663536, 8.563422, 8.549582, 8.470182, 8.450945, 8.539434, 8.579208, 8.568906, 8.601124, 8.727842, 8.521134, 8.666079, 8.58595, 8.524568, 8.722141, 8.667777, 8.765732, 8.772083, 8.653273, 8.654909, 8.596079, 8.64808, 8.645741, 8.679209, 8.559162, 8.657369, 8.745865, 8.815611, 8.83375, 8.538198, 8.694227, 8.568905, 8.489638, 8.532548, 8.752866, 8.460949, 8.517769, 8.537928, 8.74196, 8.633053, 8.577022, 8.499059, 8.655053, 8.613527, 8.681931, 8.614294, 8.581996, 8.564559, 8.621772, 8.456024, 8.673541, 8.809203, 8.813943, 8.832626, 8.779785, 8.661517, 8.750096, 8.723341, 8.637402, 8.789057, 8.734074, 8.645246, 8.854939, 8.694278, 8.799747, 8.712128, 8.560925, 8.560082, 8.607593, 8.773289, 8.628139, 8.543002, 8.51081, 8.824104, 8.815941, 8.4679, 8.559015, 8.854122, 8.550291, 8.732418, 8.521758, 8.761189, 8.903199, 8.669847, 8.625247, 8.463603, 8.754074, 8.910954, 8.989224, 8.843333, 8.581736, 8.495224, 8.524334, 8.695665, 8.67874, 8.626103, 8.573811, 8.522799, 8.747695, 8.634258, 8.52328, 8.736185, 8.767231, 8.942709, 9.185352, 8.747807, 9.200565, 8.804251, 8.931552, 8.957427, 9.304103, 8.805962, 9.10192, 8.847259, 8.841869, 8.927165, 8.86564, 8.884768, 8.845739, 8.918209, 8.808437, 9.097185, 9.07028, 8.941285, 8.807458, 8.802307, 9.045188, 9.012746, 9.167607, 9.05882, 9.082532, 8.937552, 8.995795, 9.055208, 8.933968, 8.994349, 8.992817, 9.123718, 8.806702, 9.045525, 8.937859, 8.754639, 8.924447, 9.064246, 8.824312, 9.018521, 8.715326, 8.690943, 8.74133, 8.827428, 8.722973]",2026-08-17T18:14:04+00:00,ip-172-31-15-37,Linux-6.17.0-1017-aws-x86_64-with-glibc2.39,3.12.3,ec2-<PUBLIC-IP>.<region>.compute.amazonaws.com,
VC-KASE,200,median reported; mean/stdev/ci95 also given,,2,300,2.2249417366682187,2.2181785000157106,0.061059243310252045,0.0069095038300910185,2.0648629999868717,2.4459960000058345,"[2.279555, 2.187576, 2.229962, 2.165892, 2.194856, 2.204657, 2.239585, 2.268086, 2.147619, 2.222988, 2.213155, 2.267578, 2.064863, 2.154262, 2.211305, 2.146477, 2.120217, 2.234816, 2.262762, 2.216841, 2.252901, 2.194909, 2.244718, 2.233001, 2.210299, 2.20231, 2.218243, 2.27276, 2.2548, 2.19426, 2.149843, 2.25721, 2.253635, 2.445996, 2.276257, 2.242968, 2.297335, 2.245214, 2.298347, 2.258497, 2.213535, 2.166738, 2.153773, 2.209183, 2.233685, 2.248427, 2.316482, 2.222351, 2.277862, 2.242758, 2.288532, 2.263202, 2.259686, 2.289681, 2.180564, 2.285612, 2.210376, 2.233748, 2.207584, 2.278498, 2.278839, 2.317908, 2.251779, 2.161508, 2.226963, 2.23132, 2.297352, 2.197541, 2.251721, 2.288553, 2.331332, 2.285732, 2.257522, 2.206721, 2.142277, 2.132186, 2.139102, 2.191477, 2.181868, 2.235144, 2.151978, 2.272727, 2.147101, 2.223996, 2.211522, 2.233242, 2.277416, 2.402939, 2.132595, 2.198963, 2.204453, 2.156606, 2.180653, 2.251366, 2.275007, 2.283157, 2.177081, 2.143182, 2.241469, 2.172303, 2.224998, 2.21735, 2.228349, 2.153881, 2.224225, 2.148812, 2.134444, 2.151642, 2.112726, 2.190572, 2.142819, 2.168569, 2.315492, 2.273374, 2.216976, 2.177589, 2.19238, 2.209897, 2.129902, 2.201065, 2.118495, 2.149753, 2.211471, 2.160234, 2.192449, 2.187416, 2.120113, 2.197065, 2.173354, 2.18375, 2.203745, 2.159562, 2.246549, 2.139634, 2.236501, 2.146511, 2.26841, 2.146126, 2.181197, 2.209248, 2.169094, 2.259692, 2.208065, 2.300453, 2.141749, 2.213459, 2.247982, 2.215883, 2.178814, 2.161888, 2.214405, 2.182004, 2.218114, 2.254193, 2.232072, 2.190614, 2.17103, 2.150049, 2.168039, 2.169335, 2.232395, 2.147018, 2.215424, 2.174592, 2.277697, 2.193281, 2.272758, 2.126317, 2.28919, 2.219584, 2.24063, 2.189393, 2.235472, 2.207399, 2.146377, 2.227733, 2.192257, 2.244514, 2.186486, 2.227693, 2.196982, 2.183382, 2.208108, 2.188062, 2.208884, 2.141833, 2.263818, 2.141596, 2.193464, 2.167377, 2.190652, 2.322428, 2.192342, 2.247417, 2.203713, 2.279703, 2.171061, 2.206448, 2.145128, 2.254355, 2.293324, 2.240736, 2.174642, 2.262184, 2.259858, 2.204618, 2.267813, 2.193733, 2.232838, 2.19615, 2.287796, 2.225322, 2.242343, 2.165236, 2.255483, 2.142574, 2.180349, 2.117363, 2.231138, 2.185953, 2.151339, 2.202817, 2.16834, 2.274139, 2.14897, 2.187081, 2.157826, 2.203064, 2.281756, 2.131682, 2.272935, 2.372293, 2.152806, 2.170675, 2.234458, 2.176706, 2.312742, 2.219817, 2.261617, 2.228645, 2.205563, 2.140528, 2.233951, 2.212236, 2.226256, 2.143285, 2.178383, 2.249808, 2.149561, 2.209416, 2.27329, 2.324819, 2.244529, 2.309989, 2.256938, 2.398493, 2.256473, 2.297472, 2.384193, 2.323698, 2.256059, 2.309757, 2.248439, 2.227717, 2.294327, 2.233611, 2.328364, 2.250247, 2.266729, 2.304169, 2.271876, 2.283343, 2.26738, 2.24077, 2.346643, 2.267813, 2.306881, 2.391561, 2.279339, 2.320702, 2.27771, 2.419882, 2.301465, 2.330623, 2.313719, 2.378486, 2.332249, 2.210402, 2.268142, 2.206365, 2.31539, 2.377468, 2.32663, 2.28422, 2.202524, 2.167059, 2.184612, 2.203183, 2.189444, 2.199204]",2026-08-17T18:14:04+00:00,ip-172-31-15-37,Linux-6.17.0-1017-aws-x86_64-with-glibc2.39,3.12.3,ec2-<PUBLIC-IP>.<region>.compute.amazonaws.com,
BVCRSA,250,median reported; mean/stdev/ci95 also given,1580,,300,8.743721206662562,8.716634999984763,0.25410605770227507,0.028754807360156124,8.28353600002174,9.961814999996932,"[8.936029, 8.595851, 8.912288, 8.819661, 8.720614, 8.731838, 8.660483, 8.626406, 8.664251, 8.707347, 8.680258, 8.600677, 8.696893, 8.598955, 8.712725, 8.517, 8.572682, 8.807059, 9.961815, 8.599567, 8.823313, 8.599778, 8.714137, 8.594723, 8.640489, 8.75327, 8.607082, 8.601461, 8.50252, 8.789828, 8.585134, 8.595067, 8.691874, 8.869567, 9.076802, 9.166487, 9.203413, 8.977537, 9.193869, 9.695685, 8.876607, 8.884305, 8.848009, 8.96109, 9.164628, 8.995749, 9.050537, 9.01426, 9.07768, 8.917953, 8.969045, 8.960075, 8.989917, 8.958219, 8.873476, 9.015368, 8.926045, 8.804552, 8.897765, 8.792909, 8.889534, 8.890587, 8.989673, 8.814953, 8.822201, 8.604848, 8.645899, 8.819564, 8.867373, 8.872823, 8.84874, 8.886321, 8.904448, 8.86189, 8.899426, 8.76953, 8.742586, 8.746079, 8.544803, 8.553325, 8.67839, 8.621026, 8.744675, 8.953339, 9.720669, 8.962378, 8.763819, 8.828326, 8.73033, 8.813865, 8.722961, 8.694743, 8.753403, 8.813069, 8.83159, 8.801569, 8.955632, 9.014025, 8.839202, 8.828799, 8.719133, 9.018912, 8.9752, 8.847483, 8.868948, 9.018793, 8.943774, 8.957056, 8.979767, 9.046743, 9.017386, 8.928831, 9.039652, 8.959333, 9.230917, 9.071747, 9.005772, 8.912505, 8.939993, 9.150843, 8.984689, 8.873188, 8.87052, 8.776087, 8.942825, 8.757865, 8.623979, 8.681427, 8.820656, 8.767992, 8.80061, 8.807608, 8.742511, 8.954431, 9.043734, 9.407999, 8.738099, 8.856676, 8.794608, 8.96671, 8.862484, 8.815516, 8.810807, 8.997793, 8.998328, 8.985235, 8.820078, 8.739598, 8.815827, 8.743269, 8.881547, 8.462697, 8.61654, 8.31973, 8.316569, 8.412924, 8.584322, 8.515165, 8.573308, 8.297828, 8.467833, 8.36187, 8.55823, 8.879735, 8.499122, 8.514665, 8.579167, 8.453871, 8.548207, 8.659991, 8.709905, 8.679313, 8.732728, 8.762327, 8.61118, 8.559849, 8.692542, 8.630212, 8.763802, 8.689902, 8.960994, 8.661297, 8.731459, 8.677514, 8.815112, 8.725626, 9.190056, 9.316561, 9.01449, 8.784867, 8.803336, 8.672037, 8.940476, 9.213497, 9.164318, 9.02463, 9.156481, 8.894448, 9.012892, 8.730892, 8.924868, 8.460359, 8.427289, 8.482357, 8.529682, 8.42453, 8.466803, 8.558562, 8.5464, 8.529584, 8.400867, 8.544505, 8.512203, 8.450443, 8.546, 8.341258, 8.363798, 8.396693, 8.390043, 8.452061, 8.470731, 8.341883, 8.357873, 8.325495, 8.357229, 8.31886, 8.511591, 8.499486, 8.283536, 8.407557, 8.558823, 8.345435, 8.33889, 8.478766, 8.495956, 8.675685, 8.676442, 8.515159, 8.534026, 8.541341, 8.638175, 8.551795, 8.798293, 8.547072, 8.801504, 8.777238, 8.495431, 8.479924, 8.655215, 8.653789, 8.599607, 8.631703, 8.678035, 8.560024, 8.530854, 8.626242, 8.97877, 8.57173, 8.610546, 8.499067, 8.538184, 8.533447, 8.356842, 8.664178, 8.946324, 9.733655, 8.632114, 8.586157, 8.643556, 8.633224, 8.702433, 8.450621, 8.534171, 8.366501, 8.59187, 8.527967, 8.691643, 8.692172, 8.634823, 8.520866, 8.697124, 8.59306, 9.918721, 8.523983, 8.555109, 8.662332, 8.616256, 8.640076, 8.57001, 8.837678, 8.706102, 8.641862, 8.607326, 8.482041, 8.765871, 8.493946, 8.457194, 8.668917, 8.67198, 8.468905]",2026-08-17T18:14:04+00:00,ip-172-31-15-37,Linux-6.17.0-1017-aws-x86_64-with-glibc2.39,3.12.3,ec2-<PUBLIC-IP>.<region>.compute.amazonaws.com,
Trinity,250,median reported; mean/stdev/ci95 also given,,,300,10.893567993338138,10.864190500058157,0.2540342599361308,0.028746682678072445,10.387932000071487,11.776494000059756,"[10.936108, 10.98714, 10.979605, 10.953257, 10.839923, 10.874975, 10.651127, 10.972012, 10.917498, 10.737809, 10.732665, 10.746488, 10.719731, 10.665788, 10.601191, 10.842614, 10.791266, 11.237636, 10.994419, 10.804895, 10.711522, 10.962006, 10.651341, 10.757616, 10.777085, 10.848254, 10.797502, 10.843211, 10.844697, 10.834783, 10.824136, 10.72284, 10.757996, 11.410187, 11.322693, 11.271297, 11.412291, 11.157644, 11.519357, 11.15493, 11.094383, 10.951247, 11.202585, 11.311971, 11.195011, 11.191258, 11.182377, 11.28447, 11.469965, 11.152947, 11.013895, 11.273962, 11.149307, 10.947959, 11.057705, 11.168183, 10.989079, 11.058449, 11.028787, 10.900486, 11.207019, 11.258296, 10.993107, 10.922643, 10.94925, 10.862178, 10.92181, 11.102203, 11.080124, 11.07914, 11.285311, 11.082367, 11.184473, 11.060742, 10.971356, 11.017572, 11.198686, 10.891743, 10.683945, 10.829028, 10.805315, 10.86668, 10.94227, 11.283186, 10.76469, 11.04372, 10.939949, 10.82598, 10.837788, 11.148473, 10.842665, 10.959267, 10.984158, 10.844454, 11.080239, 11.1223, 11.120712, 11.17386, 11.025357, 11.092242, 11.101037, 11.331743, 10.965489, 11.014848, 11.118793, 11.040876, 11.311793, 11.42922, 11.101572, 11.325714, 11.195338, 11.147062, 11.188582, 11.297937, 11.540469, 11.550812, 11.216915, 11.160303, 11.365769, 11.189127, 11.084014, 11.07752, 10.938337, 11.078656, 11.190872, 10.888971, 11.018063, 10.931489, 10.873744, 11.191248, 10.927193, 10.96088, 10.980468, 11.067822, 11.056485, 11.776494, 11.198724, 11.310621, 11.142736, 10.965512, 11.00811, 10.894071, 10.866044, 10.984471, 11.167668, 11.22622, 10.95141, 10.921856, 11.053876, 10.777901, 10.781129, 10.714977, 10.790588, 10.461252, 10.554769, 10.644759, 10.609828, 10.678621, 10.584044, 10.505719, 10.546643, 10.69391, 10.77657, 11.274808, 10.6855, 10.678885, 10.704508, 10.654106, 10.833396, 10.789617, 11.00167, 10.762995, 11.078451, 10.870596, 10.84877, 10.79627, 10.695189, 10.921991, 10.735897, 10.939398, 11.041621, 10.798292, 11.059479, 10.942867, 11.065812, 11.020717, 11.188906, 11.212655, 11.099138, 10.809223, 10.963366, 10.862337, 11.20836, 11.751554, 11.318125, 11.240116, 11.031267, 11.209898, 10.949938, 10.875802, 10.803009, 10.664667, 10.66846, 10.729656, 10.769726, 10.67922, 10.655949, 10.638532, 10.625878, 10.745403, 10.592135, 10.613287, 10.616701, 10.620736, 10.557917, 10.415622, 10.62067, 10.395547, 10.622382, 10.710893, 10.406708, 10.464393, 10.400553, 10.681933, 10.40144, 10.403545, 10.669547, 10.397717, 10.593248, 10.528054, 10.599284, 10.387932, 10.475576, 10.620361, 10.720415, 10.821145, 10.714692, 10.752565, 10.397239, 10.658843, 10.823697, 10.656945, 10.833298, 10.870747, 10.868688, 10.867772, 10.625652, 10.777748, 10.672087, 10.696771, 10.774686, 10.830683, 10.688528, 10.800798, 10.661664, 10.936864, 11.200758, 10.63284, 10.407047, 10.563458, 10.794026, 10.534455, 10.635345, 10.612213, 10.882896, 10.66089, 10.582206, 10.709933, 10.800725, 10.684471, 10.721189, 10.518988, 10.725125, 10.779574, 10.797175, 10.763875, 10.639294, 11.021637, 10.646367, 10.536881, 10.935377, 11.088619, 10.842885, 10.612709, 10.727271, 10.740999, 10.630917, 10.835383, 10.768063, 10.901935, 10.68338, 10.833393, 10.60363, 10.796331, 10.738344, 10.62545, 10.747294, 10.72658, 10.631174, 10.676025]",2026-08-17T18:14:04+00:00,ip-172-31-15-37,Linux-6.17.0-1017-aws-x86_64-with-glibc2.39,3.12.3,ec2-<PUBLIC-IP>.<region>.compute.amazonaws.com,
VC-KASE,250,median reported; mean/stdev/ci95 also given,,2,300,2.239244580001317,2.232052500005466,0.06855498070169058,0.007757726366232488,2.089933999968707,2.4659349999183178,"[2.281026, 2.279013, 2.232077, 2.225966, 2.238138, 2.198998, 2.21958, 2.13992, 2.234765, 2.290617, 2.217704, 2.272069, 2.165215, 2.220346, 2.243839, 2.188784, 2.235659, 2.304706, 2.210949, 2.23183, 2.250486, 2.281084, 2.238951, 2.181742, 2.207168, 2.192683, 2.226095, 2.238798, 2.230759, 2.171575, 2.190837, 2.17563, 2.265118, 2.307825, 2.267666, 2.32465, 2.366115, 2.414091, 2.35791, 2.262646, 2.266676, 2.361224, 2.302991, 2.318412, 2.300232, 2.311569, 2.211464, 2.355699, 2.41857, 2.310782, 2.318238, 2.228956, 2.380699, 2.280412, 2.26115, 2.345856, 2.252565, 2.368279, 2.232028, 2.259808, 2.239756, 2.321109, 2.288359, 2.223282, 2.222089, 2.215582, 2.283858, 2.297955, 2.244775, 2.273489, 2.304846, 2.277496, 2.227202, 2.210833, 2.303914, 2.246885, 2.313521, 2.148008, 2.261922, 2.207244, 2.239557, 2.209436, 2.316862, 2.413453, 2.317608, 2.279057, 2.247595, 2.241586, 2.219174, 2.265912, 2.251734, 2.245329, 2.193536, 2.221578, 2.259979, 2.306275, 2.279449, 2.302708, 2.239198, 2.233606, 2.284399, 2.318096, 2.234492, 2.260487, 2.349141, 2.278511, 2.284614, 2.307965, 2.363306, 2.34238, 2.250131, 2.315357, 2.293426, 2.293106, 2.333761, 2.437932, 2.347397, 2.336317, 2.337757, 2.25941, 2.269235, 2.242506, 2.28598, 2.263164, 2.253767, 2.227886, 2.226445, 2.289775, 2.183246, 2.390458, 2.18797, 2.207622, 2.214256, 2.302652, 2.423053, 2.266203, 2.287262, 2.429228, 2.314885, 2.264595, 2.307125, 2.20772, 2.286738, 2.368321, 2.291698, 2.294582, 2.269334, 2.303475, 2.133463, 2.211955, 2.139002, 2.199258, 2.241519, 2.155119, 2.198592, 2.24758, 2.137879, 2.175643, 2.207631, 2.152288, 2.153172, 2.273869, 2.213804, 2.274318, 2.223205, 2.143411, 2.192748, 2.142813, 2.24279, 2.195305, 2.209678, 2.229197, 2.271107, 2.306068, 2.235539, 2.196552, 2.215127, 2.221373, 2.2873, 2.288491, 2.208705, 2.207918, 2.294005, 2.237208, 2.241366, 2.228159, 2.351194, 2.22192, 2.275731, 2.269657, 2.171055, 2.304478, 2.283452, 2.298871, 2.298772, 2.328524, 2.273653, 2.315482, 2.219316, 2.28662, 2.152057, 2.199097, 2.188244, 2.132982, 2.18892, 2.158993, 2.105959, 2.207537, 2.254194, 2.155829, 2.232627, 2.162365, 2.151969, 2.186887, 2.14812, 2.089934, 2.146766, 2.200397, 2.195989, 2.153468, 2.097514, 2.119904, 2.220455, 2.12522, 2.091305, 2.178635, 2.237108, 2.162801, 2.188379, 2.181266, 2.106296, 2.091718, 2.145388, 2.226702, 2.136985, 2.344573, 2.159852, 2.133829, 2.157178, 2.187937, 2.198223, 2.288843, 2.210738, 2.265549, 2.200735, 2.167709, 2.167639, 2.197921, 2.274019, 2.161665, 2.211708, 2.222775, 2.151801, 2.193959, 2.211307, 2.226587, 2.208029, 2.181159, 2.15652, 2.138525, 2.177467, 2.157419, 2.22873, 2.168566, 2.431501, 2.213217, 2.223813, 2.185321, 2.189051, 2.139038, 2.168092, 2.238299, 2.110907, 2.30775, 2.280547, 2.148839, 2.2156, 2.2266, 2.17309, 2.176864, 2.208933, 2.465935, 2.231529, 2.277198, 2.167541, 2.259059, 2.160566, 2.184671, 2.243784, 2.227715, 2.276344, 2.206133, 2.219184, 2.209633, 2.16342, 2.168619, 2.187135, 2.179984, 2.255853, 2.195192]",2026-08-17T18:14:04+00:00,ip-172-31-15-37,Linux-6.17.0-1017-aws-x86_64-with-glibc2.39,3.12.3,ec2-<PUBLIC-IP>.<region>.compute.amazonaws.com,
BVCRSA,300,median reported; mean/stdev/ci95 also given,1817,,300,10.533292346666107,10.513496499982011,0.25778370416627755,0.029170972234647437,10.055137000108516,12.308339000014712,"[10.418989, 10.452783, 10.42721, 10.555373, 10.450963, 10.293653, 10.480497, 10.446321, 10.377691, 10.412306, 10.324835, 10.315012, 10.498439, 10.337386, 10.410536, 10.312562, 10.264156, 10.318543, 10.340918, 10.139778, 10.265647, 10.098375, 10.275353, 10.323457, 10.302914, 10.312008, 10.420593, 10.39578, 10.423886, 10.221974, 10.202782, 10.348674, 10.259254, 10.160506, 10.785791, 10.291108, 10.262839, 10.120417, 10.070472, 10.055137, 10.401365, 10.382676, 10.385953, 10.359335, 10.426157, 10.247791, 10.220283, 10.253658, 10.319892, 10.279164, 10.334301, 10.378796, 10.363198, 10.368892, 10.397149, 10.631159, 10.600203, 10.652609, 10.663015, 10.534629, 10.65474, 10.51174, 10.389735, 10.58973, 10.487138, 10.384918, 10.481, 10.524517, 10.379589, 10.474082, 10.552669, 10.470097, 10.284661, 10.286085, 10.243062, 10.312826, 10.252569, 10.228498, 10.354861, 10.249132, 10.240711, 11.875168, 10.498499, 10.371089, 10.365543, 10.320356, 10.482874, 10.357796, 10.174208, 10.160255, 10.890843, 10.269343, 10.386975, 10.680378, 10.540369, 10.410862, 10.462096, 10.608998, 10.610839, 10.320959, 10.447087, 10.454015, 10.5385, 10.803344, 10.352358, 10.320371, 10.319393, 10.595859, 10.541602, 11.106876, 10.363104, 10.510881, 10.599262, 10.737219, 10.764341, 10.825135, 10.669327, 10.642094, 10.685262, 10.779887, 10.658101, 10.449819, 10.757298, 10.689292, 10.607148, 10.719466, 10.750951, 10.496305, 10.705909, 10.698172, 10.662775, 10.677686, 10.708251, 10.561739, 10.72071, 10.709384, 10.595132, 10.76685, 11.897812, 10.524158, 10.59666, 10.655462, 10.747047, 10.721494, 10.753316, 10.672344, 10.744935, 10.676329, 11.041427, 10.707035, 10.662794, 10.452283, 10.682116, 10.50369, 10.612719, 10.691851, 10.706319, 10.555512, 10.540554, 10.55207, 10.694949, 10.629211, 10.547081, 10.629738, 10.741517, 10.823432, 10.75547, 10.561621, 10.573292, 10.646665, 10.65028, 10.656673, 10.591984, 10.470276, 10.426239, 10.632607, 10.505271, 11.058446, 10.879186, 10.501179, 10.697187, 10.614214, 10.713301, 10.560122, 10.511794, 10.614611, 11.000091, 10.597671, 10.945744, 10.359701, 10.375744, 10.289846, 10.41832, 10.25804, 10.487238, 10.33753, 10.45691, 10.345943, 10.4838, 10.513876, 10.356806, 10.54958, 10.846954, 10.593835, 10.535576, 10.612155, 10.552226, 10.5426, 10.660904, 10.654317, 10.714138, 10.625821, 10.778921, 12.308339, 10.579607, 10.633683, 10.470039, 10.665736, 10.606835, 10.583632, 10.468486, 10.529326, 10.575307, 10.5543, 10.555951, 10.384496, 10.561339, 10.299535, 10.409289, 10.554571, 10.587333, 10.485866, 10.610112, 10.570041, 10.544397, 10.323237, 10.446128, 10.474206, 11.430984, 10.335188, 10.280453, 10.4445, 10.329417, 10.26925, 10.35036, 10.533912, 10.671622, 10.352155, 10.582936, 10.398786, 10.548853, 10.364406, 10.582661, 10.513117, 10.604543, 10.662939, 10.668121, 10.463213, 10.403255, 10.597663, 10.74624, 10.5824, 10.653379, 10.640415, 10.707691, 10.698908, 10.66328, 10.630543, 10.595566, 10.568387, 10.499895, 10.454371, 10.658329, 11.671807, 10.522034, 10.529173, 10.700141, 10.59168, 10.575551, 10.496037, 10.425806, 10.506155, 10.413293, 10.366218, 10.36591, 10.652488, 10.658779, 10.472297, 10.309524, 10.314724, 10.421244, 10.623901, 11.749445, 10.374799, 10.352249, 10.324217, 10.382926, 10.378176, 10.420663, 10.33452]",2026-08-17T18:14:04+00:00,ip-172-31-15-37,Linux-6.17.0-1017-aws-x86_64-with-glibc2.39,3.12.3,ec2-<PUBLIC-IP>.<region>.compute.amazonaws.com,
Trinity,300,median reported; mean/stdev/ci95 also given,,,300,13.092480300001247,13.121770500049479,0.2222978580995747,0.025155370729957067,12.461083999937728,13.67883399996117,"[13.295539, 13.384187, 13.009992, 12.837705, 12.96534, 12.835773, 12.952137, 12.972634, 13.206555, 12.675158, 12.970251, 12.757686, 12.933009, 12.776464, 12.798433, 12.856135, 12.841855, 12.806393, 12.830828, 12.699499, 12.61967, 12.86347, 12.897253, 12.813889, 12.820395, 13.005778, 12.873346, 12.722683, 12.894377, 12.78034, 12.786017, 13.01524, 12.831138, 12.803589, 13.474581, 12.649196, 12.858046, 12.461084, 12.603025, 12.576202, 12.775811, 12.706914, 12.832908, 12.743546, 12.733102, 12.868924, 13.172417, 12.621638, 13.015032, 12.856991, 12.76791, 12.829138, 12.818443, 13.176793, 13.207934, 13.082998, 13.398042, 13.185267, 13.249415, 13.028638, 12.964256, 12.958756, 12.925833, 13.068742, 12.724475, 12.987462, 13.022697, 12.837752, 13.222306, 12.872312, 12.983886, 12.993588, 12.928893, 12.770452, 12.866194, 12.684763, 12.859872, 12.792137, 12.996453, 12.653312, 12.969585, 12.775912, 13.18415, 12.983616, 12.889112, 12.990301, 13.197225, 12.852435, 12.751535, 12.787928, 13.363289, 12.738216, 12.962809, 12.980866, 12.941061, 13.14551, 13.291629, 13.65427, 12.872204, 12.817146, 12.99237, 13.176722, 13.398792, 13.235912, 12.789618, 12.772093, 12.941748, 13.079613, 13.400219, 13.238679, 13.200387, 12.921255, 13.314416, 13.196731, 13.291612, 13.493419, 13.166893, 13.419322, 13.327018, 13.354917, 13.25141, 12.998928, 13.18136, 13.357483, 13.28415, 13.200491, 13.264006, 13.335609, 13.279108, 13.203262, 13.273412, 13.248533, 13.23504, 13.348369, 13.286416, 13.152379, 13.287073, 13.678834, 13.270581, 13.113215, 13.330206, 13.257093, 13.428764, 13.370554, 13.531224, 13.537555, 13.541084, 13.278251, 13.579562, 13.293047, 13.137089, 13.166086, 13.245674, 13.230609, 13.176828, 13.294648, 13.141874, 13.184509, 13.239826, 13.24883, 13.284625, 13.177987, 13.316829, 13.299712, 13.348551, 13.366262, 13.339162, 13.291174, 13.349021, 13.137141, 13.304809, 13.20556, 12.993313, 13.123153, 13.139948, 13.123291, 13.361945, 13.238795, 13.239091, 13.25144, 13.437217, 13.320693, 13.404391, 13.157043, 13.261934, 13.509075, 13.449032, 13.385302, 13.03468, 12.803142, 12.971829, 13.019916, 12.889095, 13.03096, 12.946466, 12.820148, 13.151418, 12.873546, 13.043607, 13.127023, 13.02108, 13.109612, 13.340222, 13.131613, 13.146573, 13.114399, 12.960778, 13.135772, 13.23189, 13.266773, 13.311118, 13.240652, 13.671126, 13.235045, 13.303325, 13.281796, 13.13659, 13.265924, 13.120388, 12.987194, 13.182058, 13.109384, 13.282594, 13.113385, 12.897215, 13.019135, 13.091171, 13.00637, 13.065075, 13.185974, 13.041774, 13.161586, 13.077795, 13.214675, 13.058206, 12.762918, 13.165676, 13.084644, 12.97359, 13.063617, 13.016834, 13.318573, 13.094293, 12.806437, 12.880965, 13.231916, 13.127798, 13.150714, 13.215169, 13.137445, 13.187272, 13.244725, 13.246466, 13.34164, 13.25035, 13.119967, 13.205004, 12.772554, 13.227942, 13.294705, 13.237179, 13.093091, 13.209006, 13.312983, 13.279694, 13.372776, 13.379509, 13.260466, 13.320179, 13.318035, 12.848794, 13.165457, 13.035308, 13.246659, 13.086444, 13.197816, 13.301585, 13.069124, 12.938133, 12.980775, 13.033432, 13.1795, 13.02896, 12.97482, 12.862037, 12.911624, 13.056864, 13.089898, 12.904853, 12.9425, 13.195737, 13.401716, 13.431582, 12.884025, 12.791622, 13.031946, 12.987848, 12.931331, 13.289358, 12.929216]",2026-08-17T18:14:04+00:00,ip-172-31-15-37,Linux-6.17.0-1017-aws-x86_64-with-glibc2.39,3.12.3,ec2-<PUBLIC-IP>.<region>.compute.amazonaws.com,
VC-KASE,300,median reported; mean/stdev/ci95 also given,,2,300,2.2541528400025377,2.2551664999355125,0.055236546100693076,0.006250603613026703,2.10840600004758,2.6061360000539935,"[2.195934, 2.265688, 2.248727, 2.178588, 2.251619, 2.171668, 2.219657, 2.259827, 2.429155, 2.219768, 2.155763, 2.182071, 2.218284, 2.298265, 2.234617, 2.255673, 2.151916, 2.272462, 2.244746, 2.164984, 2.168477, 2.211873, 2.274987, 2.181528, 2.258387, 2.185138, 2.235042, 2.260119, 2.174876, 2.231297, 2.219216, 2.220409, 2.209884, 2.289309, 2.250264, 2.218239, 2.157321, 2.108406, 2.146887, 2.190876, 2.164917, 2.202275, 2.173669, 2.197042, 2.208902, 2.250647, 2.192541, 2.202023, 2.239021, 2.16002, 2.195399, 2.222846, 2.165245, 2.259965, 2.263957, 2.251465, 2.238067, 2.317054, 2.287358, 2.357449, 2.212166, 2.254117, 2.341191, 2.245407, 2.265167, 2.180088, 2.320076, 2.150941, 2.270976, 2.288117, 2.18517, 2.207945, 2.158313, 2.218222, 2.259915, 2.199099, 2.174302, 2.275893, 2.171727, 2.226155, 2.213819, 2.234918, 2.281494, 2.213877, 2.216038, 2.283517, 2.237587, 2.191628, 2.171609, 2.238463, 2.165367, 2.205827, 2.247363, 2.222697, 2.264269, 2.227907, 2.36206, 2.271172, 2.274675, 2.172215, 2.221255, 2.298974, 2.282746, 2.280493, 2.223726, 2.283739, 2.261953, 2.238248, 2.314336, 2.260229, 2.235269, 2.216647, 2.271252, 2.329101, 2.276053, 2.244757, 2.324605, 2.255102, 2.340768, 2.271986, 2.238018, 2.234866, 2.208995, 2.327645, 2.278073, 2.297616, 2.256001, 2.302427, 2.24356, 2.306038, 2.211314, 2.309802, 2.287689, 2.242804, 2.262682, 2.274607, 2.315642, 2.606136, 2.246172, 2.26631, 2.287681, 2.3273, 2.31713, 2.25977, 2.284342, 2.288076, 2.344277, 2.326621, 2.251144, 2.263541, 2.189205, 2.341554, 2.284278, 2.294748, 2.281796, 2.255239, 2.308839, 2.248402, 2.283707, 2.253726, 2.361303, 2.210011, 2.276928, 2.300061, 2.327891, 2.263872, 2.260785, 2.299859, 2.265399, 2.25727, 2.246721, 2.235238, 2.223356, 2.276214, 2.30078, 2.258935, 2.250533, 2.295661, 2.256197, 2.331341, 2.298509, 2.335436, 2.258485, 2.243569, 2.323493, 2.302995, 2.315809, 2.341233, 2.236457, 2.240122, 2.219747, 2.227948, 2.240105, 2.223841, 2.264472, 2.254503, 2.180439, 2.279389, 2.230547, 2.292618, 2.226309, 2.291685, 2.241127, 2.315149, 2.260012, 2.279584, 2.221087, 2.286125, 2.25116, 2.288519, 2.225915, 2.249024, 2.437337, 2.276989, 2.263453, 2.308137, 2.301581, 2.30409, 2.2976, 2.259736, 2.287846, 2.289714, 2.277534, 2.271824, 2.195947, 2.255231, 2.200867, 2.230844, 2.294567, 2.228235, 2.295988, 2.257422, 2.267634, 2.264742, 2.238119, 2.244109, 2.211486, 2.278819, 2.221572, 2.229925, 2.250149, 2.210694, 2.258014, 2.191069, 2.259058, 2.268442, 2.260279, 2.214932, 2.299606, 2.232011, 2.289274, 2.283788, 2.249632, 2.223637, 2.298582, 2.24081, 2.298588, 2.155854, 2.241161, 2.304904, 2.307174, 2.254865, 2.285191, 2.282297, 2.302648, 2.302734, 2.214963, 2.308941, 2.242816, 2.295511, 2.179394, 2.276006, 2.252177, 2.335851, 2.264479, 2.289146, 2.305693, 2.304404, 2.17082, 2.282979, 2.191237, 2.296511, 2.190207, 2.210076, 2.261365, 2.23711, 2.264351, 2.165624, 2.224355, 2.283766, 2.276556, 2.515103, 2.230528, 2.146069, 2.242456, 2.148059, 2.249271, 2.219051, 2.214982, 2.253176]",2026-08-17T18:14:04+00:00,ip-172-31-15-37,Linux-6.17.0-1017-aws-x86_64-with-glibc2.39,3.12.3,ec2-<PUBLIC-IP>.<region>.compute.amazonaws.com,
BVCRSA,350,median reported; mean/stdev/ci95 also given,2042,,300,12.183583089997304,12.136293499963813,0.34162356659434745,0.03865834579441424,11.649638999983836,14.158332999954837,"[12.135903, 12.399025, 12.144712, 12.149705, 12.061673, 12.143199, 12.017679, 12.161394, 11.934921, 11.948321, 12.070227, 12.055544, 11.786613, 11.901382, 11.916907, 12.203191, 12.015664, 12.232448, 12.001431, 12.260096, 12.049126, 13.720134, 11.974748, 11.799413, 11.976701, 11.946869, 11.917006, 11.742274, 11.870095, 11.934148, 11.862492, 12.000671, 11.919091, 11.940862, 11.93958, 12.075266, 13.108566, 12.33299, 12.616562, 12.350756, 12.348945, 12.000725, 12.19558, 12.141966, 12.138017, 12.512514, 12.45063, 12.439184, 12.067321, 12.301144, 12.625091, 12.621618, 12.180569, 12.374025, 12.410492, 12.187265, 11.9793, 12.061094, 12.061797, 12.264159, 12.064219, 12.308782, 12.179934, 11.876822, 12.025373, 12.163379, 12.157987, 12.422593, 12.523131, 12.416742, 12.566539, 12.125696, 12.381306, 12.193515, 12.094952, 12.189092, 11.989868, 11.760969, 11.949539, 11.966204, 12.12133, 11.909963, 12.032341, 12.073821, 12.157286, 11.800107, 11.931638, 11.966117, 13.032479, 11.967543, 12.072571, 11.925933, 11.760162, 11.730707, 11.882901, 11.65173, 11.649639, 11.762359, 12.134606, 11.943389, 11.862073, 11.721541, 11.745884, 11.673087, 11.723601, 11.90564, 12.097745, 11.959031, 11.948439, 11.963208, 12.027306, 12.888226, 11.725852, 11.89889, 11.980266, 11.770709, 11.711155, 11.760689, 11.739568, 11.940457, 11.829188, 12.292585, 12.247042, 12.11579, 12.020339, 12.146644, 12.14477, 12.055686, 11.859414, 12.09667, 12.075654, 12.030421, 11.910605, 12.128639, 12.062131, 11.897465, 11.909574, 11.943419, 11.932869, 12.241543, 11.830247, 11.852466, 11.836208, 11.698639, 11.721649, 11.715574, 11.827258, 11.891899, 11.677677, 11.687456, 11.834054, 11.746792, 11.80604, 11.948322, 11.944087, 11.929521, 11.844913, 11.92662, 12.013263, 11.880221, 11.684839, 11.944729, 11.836913, 12.005761, 12.898761, 11.930052, 11.957783, 11.931814, 11.932294, 12.010808, 11.825013, 11.881032, 11.921139, 12.009239, 12.868283, 11.968198, 12.135706, 12.094127, 12.189209, 12.235707, 12.360775, 12.407382, 12.136623, 12.09158, 12.263818, 12.18903, 12.137791, 12.667564, 13.704415, 13.046953, 12.384826, 12.024315, 12.24961, 12.018191, 12.135964, 11.911777, 12.139964, 12.266898, 12.263803, 12.330063, 12.126923, 12.061278, 12.089977, 12.182554, 12.229072, 12.288506, 12.200339, 12.188166, 12.322603, 12.169469, 12.320291, 12.257851, 12.323621, 12.335064, 12.415545, 12.473085, 12.446629, 12.049082, 11.933794, 11.985, 12.226471, 12.1624, 12.619665, 12.28592, 12.044633, 12.097991, 12.081244, 12.020484, 12.068414, 12.002433, 12.168795, 12.071579, 12.063671, 12.067082, 12.834202, 12.183355, 12.272143, 12.42593, 12.579053, 12.328293, 12.808172, 12.465963, 12.436287, 12.245517, 12.495514, 12.085323, 12.585465, 12.158573, 12.322243, 12.258114, 12.564361, 12.32137, 12.312045, 12.290198, 12.271302, 12.48848, 13.240148, 12.519615, 12.211904, 12.412376, 12.37889, 12.238882, 12.330982, 12.382872, 12.524492, 14.158333, 12.507578, 12.45009, 12.461509, 12.293597, 12.447998, 12.383285, 12.480684, 12.636035, 12.284716, 12.382307, 12.475555, 12.819601, 12.238199, 12.582269, 12.847467, 13.376603, 12.35187, 12.351199, 12.825523, 12.272202, 12.415723, 12.244639, 12.322103, 12.375482, 12.384821, 12.355991, 12.162167, 12.529389, 12.668944, 12.738291, 12.893631, 12.757796, 12.385258, 12.430822]",2026-08-17T18:14:04+00:00,ip-172-31-15-37,Linux-6.17.0-1017-aws-x86_64-with-glibc2.39,3.12.3,ec2-<PUBLIC-IP>.<region>.compute.amazonaws.com,
Trinity,350,median reported; mean/stdev/ci95 also given,,,300,15.310390526662255,15.28884449993484,0.3659006442989122,0.04140555575459635,14.572385999940707,16.44620100000793,"[15.600945, 15.49549, 15.513486, 15.365108, 15.398236, 15.35699, 15.162757, 15.162958, 14.87217, 15.102336, 14.971808, 14.985093, 14.809717, 15.044249, 15.143731, 15.230773, 15.162096, 15.118424, 15.449821, 15.271326, 15.571611, 14.9153, 14.905031, 15.036618, 15.174711, 15.014534, 15.043864, 15.024731, 15.132588, 14.972517, 15.009579, 15.25092, 15.138479, 14.949739, 14.993856, 15.407624, 16.18221, 16.012616, 16.045146, 15.524212, 15.195683, 15.37498, 15.52468, 15.175377, 15.393107, 15.292346, 15.577392, 15.225998, 15.051051, 15.802386, 15.912316, 15.852666, 15.385262, 15.700498, 15.454493, 15.170699, 15.249094, 15.22727, 15.426498, 15.31035, 15.438463, 15.247711, 15.346419, 15.107923, 15.158575, 15.386343, 15.604248, 15.547243, 15.768601, 15.958782, 15.870672, 15.362888, 15.584191, 15.015276, 15.088832, 15.214561, 15.012597, 14.801465, 15.056489, 15.140216, 15.149415, 15.083976, 14.940461, 15.023262, 15.937408, 14.906687, 14.706279, 15.361653, 15.250779, 14.981117, 14.782726, 14.784259, 15.007009, 14.781202, 14.704301, 14.634676, 14.868189, 14.674351, 15.077373, 14.814663, 14.917051, 14.721938, 14.897361, 14.693819, 14.65799, 15.013914, 15.062822, 15.129738, 14.932275, 14.944993, 15.257042, 14.820419, 15.017608, 14.671572, 14.860304, 14.867638, 14.671492, 14.966821, 14.752526, 15.061166, 14.986249, 15.50693, 15.671367, 15.142376, 15.383334, 15.172525, 15.369634, 15.528099, 14.974416, 15.188976, 15.109609, 15.082288, 15.25963, 15.171213, 15.169934, 15.380041, 14.988325, 15.172198, 14.93661, 14.677313, 14.971931, 14.837637, 14.98501, 14.601935, 14.891064, 14.802509, 14.971098, 14.960965, 14.572386, 14.789416, 14.90555, 14.740966, 14.722822, 14.999685, 14.952842, 14.972529, 14.657289, 15.011061, 15.012634, 14.802008, 14.973127, 14.960895, 14.91359, 15.018404, 15.332758, 15.047702, 15.040001, 15.064055, 14.893947, 14.967901, 14.903352, 14.881111, 15.157478, 15.334429, 15.313861, 15.267098, 14.975389, 15.067241, 15.459932, 15.398312, 15.553994, 15.50424, 15.323758, 15.357622, 15.637541, 15.287686, 15.542742, 16.228305, 15.59605, 16.068014, 15.616979, 15.249116, 15.228899, 15.185556, 15.235676, 15.119384, 15.323459, 15.464987, 15.395504, 15.471897, 15.453939, 15.45923, 15.251765, 15.603156, 15.705596, 15.51151, 15.473227, 15.449714, 15.408392, 15.624089, 15.233704, 15.768017, 15.383743, 15.572001, 15.419015, 15.656767, 15.533999, 15.256247, 15.007194, 15.199131, 15.402388, 15.81038, 15.930904, 15.196027, 15.204251, 15.325945, 15.656288, 14.936722, 15.045349, 15.286142, 15.617311, 15.323376, 15.192039, 15.688989, 15.834676, 15.39602, 15.404461, 15.618803, 15.944559, 15.859991, 15.828231, 15.999288, 15.268378, 15.476766, 15.584433, 15.494108, 15.487304, 15.380226, 15.564061, 15.712906, 15.562048, 15.378209, 15.417311, 15.653639, 15.680264, 15.937705, 15.560634, 15.975903, 15.442223, 15.480431, 15.193986, 15.459674, 15.620249, 15.764282, 15.872259, 15.657753, 15.814231, 15.514098, 15.810239, 15.290003, 15.439031, 16.031011, 15.786496, 15.868293, 15.296175, 16.154048, 15.734259, 16.294072, 15.490506, 16.120771, 16.446201, 15.702645, 15.971265, 15.784663, 15.990578, 15.452198, 15.505173, 15.467228, 15.521429, 15.44751, 15.517984, 15.298986, 15.469319, 16.008649, 15.778551, 15.846973, 16.050304, 15.788637, 15.547627, 15.460965]",2026-08-17T18:14:04+00:00,ip-172-31-15-37,Linux-6.17.0-1017-aws-x86_64-with-glibc2.39,3.12.3,ec2-<PUBLIC-IP>.<region>.compute.amazonaws.com,
VC-KASE,350,median reported; mean/stdev/ci95 also given,,2,300,2.250878153335331,2.240941500019744,0.0681904447032267,0.007716475234691371,2.095615000030193,2.6265730000432086,"[2.295919, 2.241291, 2.260507, 2.198137, 2.237313, 2.250613, 2.211106, 2.253243, 2.218805, 2.181575, 2.263682, 2.208031, 2.167353, 2.185285, 2.329645, 2.231215, 2.211596, 2.299043, 2.255823, 2.273552, 2.379293, 2.250515, 2.11264, 2.193104, 2.242117, 2.139337, 2.144464, 2.205258, 2.217602, 2.209422, 2.187715, 2.203034, 2.226971, 2.177795, 2.293492, 2.433038, 2.256709, 2.317088, 2.383715, 2.265069, 2.275458, 2.296377, 2.235403, 2.232404, 2.292531, 2.35376, 2.277889, 2.300376, 2.234791, 2.341954, 2.334019, 2.354992, 2.330794, 2.333332, 2.333557, 2.250172, 2.220445, 2.218358, 2.295864, 2.311541, 2.251891, 2.292, 2.21602, 2.225531, 2.233536, 2.252799, 2.292964, 2.290209, 2.269986, 2.364415, 2.252755, 2.383009, 2.277585, 2.201559, 2.191516, 2.258125, 2.193611, 2.240548, 2.175387, 2.328824, 2.157192, 2.159028, 2.220949, 2.217379, 2.172789, 2.229629, 2.205974, 2.38138, 2.194714, 2.210076, 2.219264, 2.211014, 2.179167, 2.162636, 2.152386, 2.161255, 2.237588, 2.230029, 2.236548, 2.236962, 2.171629, 2.113847, 2.118095, 2.106193, 2.226557, 2.221275, 2.257318, 2.18618, 2.232534, 2.266249, 2.229881, 2.251584, 2.152115, 2.104383, 2.171944, 2.189126, 2.242878, 2.185951, 2.186737, 2.180265, 2.303941, 2.179057, 2.298575, 2.179567, 2.30679, 2.224524, 2.222816, 2.250703, 2.18307, 2.175803, 2.214529, 2.164447, 2.276711, 2.222954, 2.196488, 2.341457, 2.188831, 2.216356, 2.238782, 2.212086, 2.150705, 2.111672, 2.224882, 2.240592, 2.193615, 2.164149, 2.194121, 2.229448, 2.225942, 2.232631, 2.095615, 2.113244, 2.200631, 2.270907, 2.156286, 2.192062, 2.172425, 2.187295, 2.176094, 2.16158, 2.207518, 2.265757, 2.213557, 2.350654, 2.239225, 2.226842, 2.281617, 2.268716, 2.168212, 2.169692, 2.190503, 2.203936, 2.195804, 2.311176, 2.185429, 2.318536, 2.242095, 2.168363, 2.24773, 2.304641, 2.240574, 2.253839, 2.205598, 2.251264, 2.222051, 2.211671, 2.287682, 2.626573, 2.419504, 2.219569, 2.314676, 2.251928, 2.271034, 2.203103, 2.194606, 2.207769, 2.238924, 2.296189, 2.224393, 2.304231, 2.197849, 2.228183, 2.180152, 2.210628, 2.27165, 2.256603, 2.217889, 2.26705, 2.220348, 2.265454, 2.251557, 2.239083, 2.218292, 2.294301, 2.410249, 2.323968, 2.231096, 2.246222, 2.201158, 2.243417, 2.223783, 2.271262, 2.374473, 2.210591, 2.188523, 2.171858, 2.216032, 2.244971, 2.23136, 2.276519, 2.29711, 2.249812, 2.229971, 2.384556, 2.27383, 2.267141, 2.250249, 2.349242, 2.313015, 2.297944, 2.323432, 2.299273, 2.181879, 2.305139, 2.22844, 2.3427, 2.187916, 2.270023, 2.239929, 2.298673, 2.239317, 2.298502, 2.224835, 2.324366, 2.31949, 2.374325, 2.261246, 2.304805, 2.266886, 2.29261, 2.235344, 2.331769, 2.271401, 2.341793, 2.521413, 2.27319, 2.307223, 2.279619, 2.303357, 2.269035, 2.237115, 2.268367, 2.333588, 2.291752, 2.299253, 2.365306, 2.290053, 2.303921, 2.308288, 2.326549, 2.426826, 2.281856, 2.234799, 2.334777, 2.24593, 2.255158, 2.23738, 2.318879, 2.275997, 2.304894, 2.27035, 2.251765, 2.247471, 2.33844, 2.361183, 2.32689, 2.384315, 2.377287, 2.338103, 2.31597]",2026-08-17T18:14:04+00:00,ip-172-31-15-37,Linux-6.17.0-1017-aws-x86_64-with-glibc2.39,3.12.3,ec2-<PUBLIC-IP>.<region>.compute.amazonaws.com,
BVCRSA,400,median reported; mean/stdev/ci95 also given,2257,,300,14.06320102333666,13.956716499990307,0.4715796160971716,0.0533642571864163,13.427060000026358,16.94536600007268,"[14.428215, 14.354918, 14.458706, 14.348702, 14.073608, 14.243356, 14.117577, 14.060644, 14.415867, 14.368374, 14.335596, 14.181769, 14.454702, 14.344758, 14.174692, 15.258619, 13.950897, 14.663859, 14.670737, 14.395424, 14.284911, 15.573616, 13.973769, 13.935013, 14.679694, 14.850824, 14.503605, 13.937381, 13.952708, 14.075405, 13.829881, 14.319419, 14.217677, 16.945366, 14.322387, 14.319424, 15.096747, 14.257868, 14.351271, 13.850072, 14.15158, 13.929986, 13.689481, 14.18162, 14.907975, 13.950225, 13.754794, 13.859483, 14.178852, 14.438134, 14.203546, 14.178712, 14.364991, 14.336576, 14.198725, 14.715607, 14.643189, 14.73464, 14.512665, 15.715241, 14.487178, 14.591257, 14.142388, 14.172462, 14.812529, 14.077187, 14.165595, 14.140068, 14.028587, 13.941897, 13.927553, 13.988226, 14.236888, 14.298419, 14.440797, 14.307527, 14.327631, 14.341614, 14.032362, 14.186388, 14.392035, 14.295458, 14.20873, 14.007662, 14.346513, 15.951907, 14.387384, 15.532991, 14.7171, 14.109677, 14.208999, 14.163762, 14.399302, 14.314564, 14.69886, 14.33198, 14.145299, 14.210949, 14.152188, 14.023488, 13.92366, 14.067414, 13.981777, 13.995984, 14.023884, 14.02023, 14.011585, 13.669759, 13.69013, 14.347162, 13.967358, 13.993747, 14.135728, 13.877454, 13.736435, 13.735404, 14.059147, 14.033014, 14.120817, 13.815499, 13.842694, 13.800191, 15.730111, 13.835141, 14.071538, 13.944248, 14.117466, 13.739435, 13.835605, 14.163434, 14.053784, 15.535782, 13.866245, 13.87992, 13.567943, 13.834735, 13.94014, 14.028627, 15.035411, 13.819533, 15.361997, 13.923677, 13.744934, 13.687186, 13.714037, 13.792494, 13.683695, 13.78329, 13.518854, 13.47328, 13.626779, 13.622177, 13.458465, 13.669629, 13.684405, 13.782085, 13.670953, 13.751138, 13.944536, 13.909855, 13.700701, 14.119898, 14.325435, 14.296777, 14.269303, 13.894453, 14.189321, 13.757819, 14.069697, 14.203906, 13.940467, 13.917657, 13.939178, 14.164092, 14.07398, 14.282645, 14.114379, 13.926234, 14.072407, 13.960725, 13.698639, 14.130898, 13.754527, 14.036317, 13.963167, 13.600842, 13.827595, 13.910584, 13.841803, 13.899823, 15.371155, 14.21427, 13.667625, 13.689866, 13.639065, 13.910277, 14.365756, 14.198132, 14.260792, 14.077525, 13.872525, 13.660232, 13.695956, 13.804177, 13.793396, 13.702253, 14.160059, 13.796761, 13.459742, 13.889842, 13.713057, 13.782358, 13.75736, 13.821917, 14.197853, 13.92218, 13.930047, 13.715854, 13.714414, 13.762341, 13.788965, 13.817862, 13.599942, 13.570482, 13.603544, 13.644525, 13.963363, 13.81615, 13.834234, 13.653545, 13.678588, 13.575101, 13.657038, 14.543844, 13.576433, 13.810823, 13.840419, 13.672484, 13.867693, 13.756095, 13.581389, 13.819459, 13.850483, 13.868507, 13.874819, 14.316905, 13.967842, 13.736937, 13.612284, 13.650936, 16.771349, 14.142091, 13.766308, 13.559961, 13.630105, 13.687523, 13.42706, 13.659857, 13.557338, 13.657257, 13.772495, 13.524075, 13.644436, 13.587251, 13.455973, 13.60542, 13.765281, 13.59734, 13.469125, 13.873866, 13.793131, 13.596109, 13.746337, 13.679765, 13.72799, 13.700887, 13.61735, 13.435595, 13.622718, 14.801576, 13.727071, 13.736008, 14.770168, 13.901715, 13.952633, 14.057457, 14.19114, 14.252567, 14.172211, 13.962406, 14.227946, 13.964631, 13.900987, 13.795516, 14.166824, 13.870239, 13.56972, 13.867582, 13.990896, 13.905156]",2026-08-17T18:14:04+00:00,ip-172-31-15-37,Linux-6.17.0-1017-aws-x86_64-with-glibc2.39,3.12.3,ec2-<PUBLIC-IP>.<region>.compute.amazonaws.com,
Trinity,400,median reported; mean/stdev/ci95 also given,,,300,17.779241373333434,17.731291000018246,0.4217085973225658,0.04772082014801752,16.979735999939294,19.25098899994282,"[18.265989, 18.219387, 18.163858, 18.210238, 17.965967, 18.031958, 17.929358, 17.749428, 17.816712, 18.109737, 18.112709, 17.982165, 18.080998, 18.010466, 17.824556, 18.426059, 17.88843, 18.942348, 18.82456, 17.986693, 18.476401, 18.042378, 17.939649, 18.72606, 18.434002, 18.934431, 18.011726, 17.702362, 17.676833, 17.852939, 17.816095, 17.995498, 18.803305, 18.745733, 18.249375, 18.107179, 19.004141, 18.469258, 17.699537, 17.643706, 18.431529, 17.522343, 17.464083, 18.539892, 17.583098, 17.597554, 17.560553, 17.76669, 17.948242, 17.862, 17.812535, 18.333958, 18.382968, 18.491473, 18.156518, 18.591285, 18.610512, 18.150543, 18.656494, 18.128684, 18.498885, 18.310714, 17.999233, 17.785768, 18.959808, 17.816697, 17.873131, 17.814011, 17.739106, 17.543548, 17.818426, 17.80131, 17.86914, 18.273823, 18.403826, 18.313112, 18.227562, 17.692228, 17.85969, 18.14777, 19.250989, 18.091721, 18.336389, 17.833566, 18.866934, 18.796242, 18.576912, 18.562571, 18.285417, 17.629332, 17.879576, 17.932506, 17.950561, 18.233407, 18.611477, 18.342112, 17.782666, 17.703381, 18.114186, 17.81625, 17.356223, 17.821188, 17.974822, 18.131589, 17.758355, 17.532648, 17.462608, 17.314077, 17.615754, 17.823012, 17.845629, 18.084995, 17.706872, 17.66538, 17.532012, 17.459344, 18.03167, 18.1116, 18.005198, 18.323837, 17.355167, 18.167165, 17.631138, 17.762601, 18.154812, 17.661334, 17.779645, 17.309899, 18.037503, 18.186064, 18.18421, 17.675294, 17.788156, 17.530639, 17.370816, 18.071767, 17.745693, 18.128932, 18.630396, 18.263415, 17.762783, 17.376873, 17.335576, 17.225444, 17.362552, 17.518798, 17.982803, 17.216427, 17.527483, 17.116537, 17.132629, 17.323054, 17.315165, 17.310598, 17.768505, 17.320998, 17.33343, 17.447529, 17.459532, 17.24104, 17.510294, 18.096964, 18.267784, 17.884705, 17.922968, 17.887931, 17.7547, 17.594132, 18.002187, 17.877513, 17.932495, 17.594088, 17.869831, 17.917018, 17.932347, 17.722439, 17.416197, 17.852784, 17.885945, 17.468533, 17.464714, 17.426035, 17.42282, 17.305279, 17.385935, 17.667407, 17.524157, 17.501027, 17.320766, 18.183088, 17.842809, 17.796934, 17.42377, 16.979736, 17.130836, 18.014407, 18.519006, 18.003175, 18.044015, 17.676617, 17.748461, 17.494794, 17.300517, 17.940461, 17.428062, 17.614028, 17.606767, 17.231247, 17.374739, 17.525216, 17.695989, 17.437194, 17.476279, 17.495855, 17.401019, 17.580722, 17.484418, 17.243543, 17.299144, 17.419754, 17.376112, 17.540307, 17.241535, 17.231967, 17.443929, 17.683747, 17.394888, 17.357153, 17.480614, 17.544034, 17.51495, 17.283861, 17.525337, 17.90403, 17.305386, 17.653397, 17.309272, 17.317128, 17.32201, 17.316164, 17.662627, 17.435159, 17.585774, 17.308954, 17.820195, 18.03858, 17.75647, 17.46171, 17.05346, 18.016983, 17.678259, 17.312525, 17.309898, 17.143634, 17.347257, 17.403913, 17.576738, 17.394585, 17.723476, 17.520121, 17.70739, 17.585514, 17.435357, 17.162164, 17.371819, 17.280507, 17.427678, 17.199622, 17.51664, 17.309206, 17.417992, 17.198822, 17.219916, 17.265779, 17.499307, 17.178171, 17.338812, 17.209718, 17.935723, 17.855316, 17.224648, 17.289812, 18.044972, 17.545606, 17.640845, 18.057265, 17.914288, 17.799433, 17.616859, 17.850565, 17.933278, 17.647235, 17.49487, 17.40148, 17.718931, 17.397809, 17.32754, 17.528684, 17.569861, 17.658866]",2026-08-17T18:14:04+00:00,ip-172-31-15-37,Linux-6.17.0-1017-aws-x86_64-with-glibc2.39,3.12.3,ec2-<PUBLIC-IP>.<region>.compute.amazonaws.com,
VC-KASE,400,median reported; mean/stdev/ci95 also given,,2,300,2.2851798766726006,2.282133999983671,0.07195380141002107,0.008142339136205337,2.1440410000650445,2.6247570000350606,"[2.336394, 2.313301, 2.348676, 2.340922, 2.384022, 2.301773, 2.255536, 2.277607, 2.29913, 2.338755, 2.319571, 2.326477, 2.316146, 2.303131, 2.439818, 2.301052, 2.272836, 2.615234, 2.303177, 2.315608, 2.428224, 2.312052, 2.261844, 2.426676, 2.353636, 2.330844, 2.313677, 2.365853, 2.265839, 2.238665, 2.361666, 2.22166, 2.361581, 2.420994, 2.331338, 2.408017, 2.254044, 2.366157, 2.215082, 2.280814, 2.292282, 2.197406, 2.307737, 2.524392, 2.290606, 2.247103, 2.234305, 2.219098, 2.448136, 2.286015, 2.294528, 2.366838, 2.386952, 2.317341, 2.305958, 2.327314, 2.31125, 2.35985, 2.378149, 2.369605, 2.331458, 2.287838, 2.271942, 2.237045, 2.330175, 2.219567, 2.281768, 2.331736, 2.293902, 2.276271, 2.290971, 2.292682, 2.300369, 2.372642, 2.285108, 2.325451, 2.321099, 2.171924, 2.356857, 2.317688, 2.575184, 2.25721, 2.310003, 2.273185, 2.624757, 2.423901, 2.399662, 2.414342, 2.348918, 2.260452, 2.283302, 2.310768, 2.360676, 2.321179, 2.350313, 2.366861, 2.301234, 2.271952, 2.273002, 2.324219, 2.294274, 2.257594, 2.288542, 2.269221, 2.21339, 2.316771, 2.192522, 2.188284, 2.338966, 2.227148, 2.390588, 2.285369, 2.237889, 2.297191, 2.306307, 2.278293, 2.256936, 2.272273, 2.294713, 2.27592, 2.285689, 2.485745, 2.296107, 2.277131, 2.348662, 2.281347, 2.242536, 2.220973, 2.276083, 2.285104, 2.453189, 2.257988, 2.242589, 2.251075, 2.218289, 2.292191, 2.281558, 2.38876, 2.436819, 2.303188, 2.272041, 2.242776, 2.246995, 2.174065, 2.292208, 2.316356, 2.278823, 2.233491, 2.281109, 2.176572, 2.259362, 2.200385, 2.241211, 2.270198, 2.28672, 2.169411, 2.271566, 2.283718, 2.248439, 2.272961, 2.23909, 2.311325, 2.276279, 2.315138, 2.246087, 2.313188, 2.319728, 2.307804, 2.324621, 2.247785, 2.263207, 2.25402, 2.317188, 2.312085, 2.249144, 2.266712, 2.254053, 2.270597, 2.353889, 2.183312, 2.259277, 2.194431, 2.267874, 2.293196, 2.189521, 2.288085, 2.248504, 2.198939, 2.218746, 2.376435, 2.232526, 2.28528, 2.212828, 2.191839, 2.296907, 2.241915, 2.370852, 2.304259, 2.217561, 2.212817, 2.194487, 2.321636, 2.203378, 2.212867, 2.272999, 2.40611, 2.288427, 2.266138, 2.200596, 2.294626, 2.258764, 2.2825, 2.265273, 2.222914, 2.305247, 2.334914, 2.266063, 2.298165, 2.239927, 2.283392, 2.258362, 2.269113, 2.198083, 2.258936, 2.218706, 2.311649, 2.165746, 2.271742, 2.214842, 2.19478, 2.26044, 2.23747, 2.296122, 2.180653, 2.212049, 2.312854, 2.209425, 2.181377, 2.232421, 2.194183, 2.211654, 2.336322, 2.340145, 2.235776, 2.257477, 2.296771, 2.296625, 2.238016, 2.286325, 2.489992, 2.276022, 2.337351, 2.183478, 2.192894, 2.365348, 2.144041, 2.158833, 2.354762, 2.190015, 2.3661, 2.287888, 2.192687, 2.243936, 2.297271, 2.176079, 2.170676, 2.297213, 2.194042, 2.19253, 2.232889, 2.217669, 2.172062, 2.185464, 2.218158, 2.216581, 2.172889, 2.246121, 2.240028, 2.295343, 2.16469, 2.186446, 2.288495, 2.261352, 2.30093, 2.235154, 2.308248, 2.365386, 2.226595, 2.32229, 2.299284, 2.306039, 2.248537, 2.225669, 2.301172, 2.27805, 2.172746, 2.224564, 2.343586, 2.232181, 2.364728]",2026-08-17T18:14:04+00:00,ip-172-31-15-37,Linux-6.17.0-1017-aws-x86_64-with-glibc2.39,3.12.3,ec2-<PUBLIC-IP>.<region>.compute.amazonaws.com,
BVCRSA,450,median reported; mean/stdev/ci95 also given,2463,,300,15.79291207666832,15.730916499990144,0.3798590648957736,0.0429850997408521,14.915108999957738,18.03381399997761,"[15.594998, 15.697526, 15.70399, 15.674057, 15.801345, 15.741325, 15.977324, 16.615149, 15.453412, 15.710714, 15.791803, 15.820076, 15.694936, 15.768352, 16.041149, 16.245472, 15.85864, 16.055671, 15.729278, 15.933754, 15.936856, 15.448323, 15.629542, 15.766532, 15.510321, 15.764977, 15.501862, 15.412079, 15.606946, 15.568017, 15.743154, 15.641801, 15.666949, 15.512681, 15.514008, 15.581598, 15.520004, 15.63646, 15.699497, 15.669542, 15.571956, 15.788001, 15.650744, 15.69664, 15.551078, 15.627678, 15.850304, 17.241589, 15.570625, 15.538793, 15.800843, 15.718483, 15.494875, 15.586336, 15.77023, 15.538429, 15.91065, 15.563557, 15.839856, 16.353588, 15.698173, 15.652317, 15.609005, 15.60217, 15.73558, 15.646824, 15.71733, 15.600526, 15.57899, 15.572193, 15.959198, 16.04249, 15.725919, 15.794274, 15.848916, 15.551636, 15.676709, 15.920532, 15.963057, 15.886742, 15.735077, 15.737943, 15.97266, 16.165693, 16.256118, 15.925101, 15.937047, 16.316904, 16.053768, 15.85321, 15.439376, 15.628572, 15.705278, 15.599041, 15.841979, 15.717371, 15.95845, 15.663645, 15.739126, 15.90152, 15.845936, 16.175446, 16.15224, 16.181047, 16.266936, 16.374641, 15.820805, 17.854238, 15.90084, 15.946844, 15.932356, 17.123853, 15.844521, 15.986816, 15.713049, 15.744279, 15.722302, 16.127151, 16.238665, 16.229106, 16.528452, 16.127173, 16.037552, 16.052786, 17.490017, 15.948988, 15.813008, 15.723567, 15.755081, 15.523888, 15.684713, 15.931684, 15.9837, 16.107262, 15.958097, 15.813724, 15.793582, 16.829674, 15.920575, 15.73979, 15.660792, 15.641271, 15.727799, 15.768309, 15.840152, 17.32467, 15.681228, 15.433218, 15.836733, 15.718446, 15.927417, 15.504445, 15.972953, 16.149132, 15.96866, 16.092525, 16.590265, 16.13196, 15.850681, 16.008282, 15.651024, 15.85938, 16.002184, 15.749523, 16.02186, 16.156615, 18.033814, 15.423851, 15.626685, 15.725449, 15.765241, 15.678226, 15.814106, 15.704206, 15.842186, 15.781404, 16.259074, 16.162367, 15.869753, 15.581185, 15.633634, 15.803786, 15.62808, 15.242241, 15.692413, 15.580369, 15.4965, 15.341276, 15.392694, 15.496248, 15.527996, 15.280211, 15.465712, 15.602302, 15.764225, 15.719683, 15.747366, 15.334917, 15.351169, 15.335252, 15.571396, 15.717645, 15.629301, 15.653504, 15.633572, 15.673301, 16.000917, 15.974724, 16.015463, 16.011223, 16.120102, 15.786236, 15.852265, 17.0669, 17.193626, 15.691825, 16.144449, 16.13436, 16.103156, 15.879827, 15.76627, 15.906205, 15.751023, 15.782287, 15.743271, 15.646669, 15.924345, 15.807038, 15.747967, 15.486811, 15.580449, 15.721936, 15.585224, 15.368178, 15.530263, 15.578923, 15.528352, 15.333159, 15.650774, 15.783399, 15.58443, 15.655215, 15.735517, 15.841794, 15.800276, 15.761426, 15.693426, 15.609461, 15.341079, 15.351919, 15.765126, 15.970344, 16.280214, 15.351552, 15.596068, 15.581063, 15.732555, 15.697447, 15.707048, 15.312035, 15.348352, 14.915109, 15.236683, 15.165161, 15.433644, 15.577233, 15.622525, 15.408892, 15.270938, 15.43847, 15.77287, 15.631468, 15.679913, 15.828104, 15.35917, 15.630607, 16.741139, 15.467324, 15.968212, 15.865902, 15.71614, 15.713718, 15.839483, 15.675501, 15.839492, 15.814754, 15.845703, 15.329372, 15.451193, 15.661104, 15.480524, 15.790725, 15.221363, 15.383062, 15.347052, 15.351205, 15.346732, 15.569027, 15.64248, 15.296583]",2026-08-17T18:14:04+00:00,ip-172-31-15-37,Linux-6.17.0-1017-aws-x86_64-with-glibc2.39,3.12.3,ec2-<PUBLIC-IP>.<region>.compute.amazonaws.com,
Trinity,450,median reported; mean/stdev/ci95 also given,,,300,19.86164947666566,19.80978299997105,0.3737070265542668,0.04228893106631546,18.830919000038193,21.551566999960414,"[19.547001, 19.849115, 19.729637, 19.529219, 19.724723, 19.63991, 19.590881, 20.419843, 19.396803, 19.765626, 19.773297, 19.74629, 19.592972, 19.743222, 19.504524, 19.579999, 20.348491, 19.826012, 19.723306, 20.114648, 19.665496, 19.476593, 19.52985, 19.980957, 19.744469, 19.455697, 19.304263, 19.523131, 19.678927, 19.274361, 19.816504, 19.778333, 19.587377, 19.50854, 19.734713, 19.398487, 19.726797, 19.537258, 19.841492, 19.824984, 19.621039, 19.979076, 19.326888, 19.765886, 19.59393, 19.77234, 19.98591, 21.551567, 19.369978, 19.435389, 19.742912, 20.00013, 19.964883, 19.972808, 19.76826, 19.845563, 19.626589, 19.734362, 19.811841, 20.376891, 19.762998, 19.843467, 19.66466, 19.797459, 19.90241, 19.921925, 20.240825, 19.325251, 19.632738, 19.70908, 20.05623, 20.123157, 19.928849, 20.243242, 19.837556, 19.84435, 19.731276, 20.087784, 20.286835, 19.789286, 19.716904, 19.743244, 20.260005, 20.088979, 20.120117, 21.004618, 20.661184, 20.762728, 20.180378, 19.600103, 19.528773, 19.899824, 19.929904, 19.95598, 20.460045, 19.769709, 19.621871, 19.807043, 20.312278, 19.677502, 20.467604, 20.259937, 20.32302, 20.37082, 20.240374, 20.56356, 20.528892, 19.958528, 20.015001, 20.077154, 20.725324, 20.284633, 19.82144, 19.771569, 19.815783, 20.038598, 20.247496, 20.258561, 20.646253, 20.393296, 20.890177, 20.245641, 20.154049, 20.385957, 20.322315, 20.476168, 19.98868, 19.955719, 19.661751, 19.787586, 19.825492, 20.213012, 20.516561, 20.107366, 19.856137, 19.96032, 20.393303, 21.284537, 19.637412, 20.006253, 19.740532, 19.609349, 19.809137, 19.963582, 20.210035, 20.637679, 19.649541, 19.693828, 19.918724, 20.081864, 20.420874, 19.640748, 20.175531, 19.954799, 19.848863, 20.628321, 20.279098, 19.780748, 19.771049, 20.058178, 19.593861, 19.772372, 19.861436, 20.012796, 20.157976, 20.636178, 20.042322, 19.762527, 19.718894, 20.077992, 19.9136, 19.907802, 19.638355, 19.667074, 19.951253, 19.7371, 20.258751, 19.807122, 19.94421, 19.633371, 19.657546, 19.890783, 19.417666, 19.65478, 19.601398, 19.435222, 19.480027, 19.711454, 19.777847, 19.965408, 19.371225, 19.285432, 19.718532, 19.848439, 20.156777, 19.587437, 19.695935, 19.483607, 19.311234, 19.99078, 19.842593, 19.911905, 19.987481, 19.838267, 19.631901, 20.101043, 20.203143, 20.101397, 20.392305, 20.20657, 20.223572, 19.760419, 20.102614, 21.026292, 19.742899, 20.083149, 20.328044, 19.812608, 20.026964, 19.882462, 19.96574, 19.709712, 20.224728, 20.112777, 19.574179, 20.041271, 20.086294, 20.266593, 19.708514, 19.498917, 19.269965, 19.609911, 19.556546, 19.533944, 20.326996, 19.624368, 19.634358, 19.636436, 20.083105, 19.885324, 19.794793, 19.870847, 20.412454, 19.810429, 19.772931, 19.885033, 19.810724, 19.670667, 19.509898, 19.82418, 19.706798, 20.308336, 19.707302, 19.304444, 19.630473, 19.585003, 19.785063, 19.840684, 19.793925, 19.316179, 19.274941, 18.830919, 19.269242, 19.227481, 19.359436, 19.596765, 19.704028, 19.269409, 19.038376, 19.826229, 19.517135, 19.788214, 19.932949, 19.667887, 19.293887, 19.743162, 20.215656, 19.816102, 20.097921, 19.433569, 19.85153, 20.040802, 20.520601, 19.770277, 20.000441, 19.86815, 19.715626, 19.246586, 19.433388, 19.533078, 19.333954, 19.518025, 19.111086, 19.548048, 19.303104, 19.329655, 19.506147, 19.133118, 19.534165, 19.302448]",2026-08-17T18:14:04+00:00,ip-172-31-15-37,Linux-6.17.0-1017-aws-x86_64-with-glibc2.39,3.12.3,ec2-<PUBLIC-IP>.<region>.compute.amazonaws.com,
VC-KASE,450,median reported; mean/stdev/ci95 also given,,2,300,2.2893134966682283,2.284939499986649,0.06461252763650387,0.007311595803895697,2.161756999953468,2.6418680000688255,"[2.221851, 2.297579, 2.291559, 2.23448, 2.372139, 2.249051, 2.284961, 2.315578, 2.254657, 2.239903, 2.253312, 2.27295, 2.275761, 2.23871, 2.254099, 2.281877, 2.429339, 2.247293, 2.326307, 2.28051, 2.256, 2.258818, 2.222297, 2.255288, 2.27107, 2.253431, 2.287519, 2.208865, 2.227575, 2.274796, 2.254886, 2.301875, 2.234876, 2.252966, 2.230485, 2.206134, 2.285704, 2.24954, 2.245188, 2.245557, 2.270008, 2.34554, 2.293189, 2.210618, 2.272372, 2.389855, 2.459615, 2.364146, 2.183932, 2.209249, 2.236155, 2.280221, 2.297764, 2.280232, 2.232509, 2.329467, 2.307427, 2.241202, 2.234752, 2.276333, 2.321899, 2.242755, 2.252236, 2.289205, 2.313935, 2.243897, 2.29626, 2.29429, 2.236735, 2.341058, 2.289969, 2.299312, 2.242595, 2.354293, 2.302947, 2.286339, 2.22555, 2.333814, 2.316626, 2.301789, 2.262708, 2.231685, 2.312891, 2.304669, 2.340114, 2.641868, 2.374828, 2.382367, 2.36552, 2.211357, 2.293049, 2.250699, 2.298766, 2.319965, 2.277438, 2.28797, 2.288371, 2.282756, 2.34765, 2.259917, 2.340725, 2.338851, 2.324318, 2.408915, 2.341442, 2.307, 2.637358, 2.298709, 2.35156, 2.338426, 2.375134, 2.232893, 2.290962, 2.308877, 2.299026, 2.243674, 2.301033, 2.287326, 2.324385, 2.394922, 2.377131, 2.343638, 2.305719, 2.463399, 2.326454, 2.29748, 2.262592, 2.298231, 2.235119, 2.21775, 2.299355, 2.294953, 2.3393, 2.356529, 2.270917, 2.306876, 2.373468, 2.281345, 2.22447, 2.335104, 2.32665, 2.242597, 2.299482, 2.229288, 2.520211, 2.287694, 2.218167, 2.232436, 2.271756, 2.29524, 2.364089, 2.292549, 2.299622, 2.329026, 2.298036, 2.414139, 2.324492, 2.279472, 2.309189, 2.301948, 2.230766, 2.348828, 2.401964, 2.38268, 2.424951, 2.330831, 2.224046, 2.243076, 2.29657, 2.331561, 2.23839, 2.288703, 2.310576, 2.291484, 2.364201, 2.271135, 2.278105, 2.240704, 2.263289, 2.314992, 2.307366, 2.254545, 2.24347, 2.275137, 2.247946, 2.266547, 2.242428, 2.254332, 2.282226, 2.269488, 2.20698, 2.245044, 2.24624, 2.284918, 2.298434, 2.23589, 2.234467, 2.274395, 2.297403, 2.355842, 2.281487, 2.300209, 2.295935, 2.355964, 2.304832, 2.291271, 2.320846, 2.290697, 2.302017, 2.336953, 2.313147, 2.290034, 2.420449, 2.536551, 2.281828, 2.348486, 2.354272, 2.242572, 2.288441, 2.261439, 2.297369, 2.289087, 2.303376, 2.300979, 2.256082, 2.292045, 2.289203, 2.349656, 2.341997, 2.221821, 2.219347, 2.278669, 2.299168, 2.24162, 2.222276, 2.300704, 2.223558, 2.239779, 2.276681, 2.280578, 2.361576, 2.277074, 2.357038, 2.213662, 2.29006, 2.227181, 2.282135, 2.203571, 2.276572, 2.307231, 2.281292, 2.346257, 2.171233, 2.317348, 2.272096, 2.199426, 2.253023, 2.27828, 2.351671, 2.202664, 2.171985, 2.163753, 2.161757, 2.209918, 2.338543, 2.271493, 2.257631, 2.220258, 2.194598, 2.196689, 2.272982, 2.251954, 2.243106, 2.253418, 2.195634, 2.317327, 2.213127, 2.265819, 2.289835, 2.26938, 2.399696, 2.244829, 2.565998, 2.353538, 2.300787, 2.308522, 2.195896, 2.26492, 2.243842, 2.267942, 2.270686, 2.241101, 2.313915, 2.255824, 2.224035, 2.232552, 2.174627, 2.236689, 2.235015, 2.32275]",2026-08-17T18:14:04+00:00,ip-172-31-15-37,Linux-6.17.0-1017-aws-x86_64-with-glibc2.39,3.12.3,ec2-<PUBLIC-IP>.<region>.compute.amazonaws.com,
BVCRSA,500,median reported; mean/stdev/ci95 also given,2660,,300,17.64157115000027,17.55218800002467,0.46416454618983893,0.05252516303543286,16.70620000004419,20.091640000032385,"[17.129347, 17.493737, 17.33439, 17.133306, 17.468331, 17.319065, 17.44672, 18.365305, 17.451078, 17.377454, 17.379572, 17.345304, 17.97659, 17.67456, 17.435844, 17.404671, 17.569403, 17.509888, 17.325524, 17.125987, 17.231871, 17.078848, 18.140028, 17.505154, 18.175015, 17.084698, 17.326333, 17.761584, 17.411449, 16.896126, 17.195027, 17.753899, 17.398421, 17.437911, 17.305498, 17.419422, 17.326419, 18.065135, 17.974362, 17.374304, 17.546902, 17.507116, 17.606822, 18.021408, 17.753692, 17.859039, 17.679394, 19.854273, 18.316383, 18.847536, 18.024556, 18.330714, 18.383995, 18.330786, 18.342489, 18.455155, 18.680598, 18.451218, 18.384082, 18.572898, 18.322378, 17.835442, 17.843755, 18.121236, 18.20259, 18.002749, 17.705623, 17.969681, 18.013982, 18.242821, 17.967411, 17.519978, 17.972545, 17.42978, 17.50266, 17.531177, 18.108989, 17.612311, 17.513957, 17.547821, 17.253279, 17.287103, 17.373041, 17.353319, 17.788082, 17.834827, 18.03849, 18.11772, 17.651051, 17.361186, 18.201524, 17.29058, 17.235613, 17.289269, 17.851081, 18.058034, 17.915209, 17.546349, 17.51277, 17.71774, 17.879, 18.181512, 18.102729, 17.861297, 19.019182, 17.663969, 18.020218, 17.430556, 17.563678, 17.771526, 17.972018, 17.803266, 17.668154, 17.381855, 17.574521, 17.517471, 17.639019, 17.377937, 17.42898, 17.698864, 17.693805, 17.800517, 18.842535, 17.968421, 17.969874, 17.799202, 17.621767, 18.198593, 19.066415, 17.410126, 17.973601, 17.821559, 18.116593, 18.096988, 17.810189, 17.918517, 17.769361, 17.940994, 17.942749, 17.95414, 17.865142, 18.145064, 17.709911, 17.725905, 17.862656, 17.724098, 18.271759, 18.008637, 17.727384, 17.742256, 17.527931, 17.728354, 17.316515, 17.817587, 17.461543, 17.358785, 17.515603, 18.018956, 17.596941, 17.64104, 17.933688, 17.539582, 17.456282, 17.642741, 17.579376, 20.09164, 17.408767, 17.233294, 17.280753, 17.577398, 17.411296, 17.650324, 17.297779, 17.618077, 17.442087, 17.482811, 17.7539, 17.508384, 17.662591, 17.55698, 17.258353, 17.226964, 17.36519, 17.255795, 17.686524, 17.487433, 17.728539, 17.499014, 17.66302, 17.749125, 17.556485, 17.647122, 17.828205, 17.757693, 17.912237, 17.700866, 17.829455, 17.977983, 18.108564, 17.929377, 17.661455, 17.451118, 17.55489, 17.307953, 17.427586, 17.281667, 17.527614, 17.378134, 17.604265, 17.709414, 17.605992, 17.240039, 17.268757, 17.756881, 18.800241, 17.679506, 17.17592, 17.262526, 17.355524, 17.232361, 17.415318, 17.207495, 17.301476, 19.537993, 17.489348, 17.712703, 17.460969, 17.442379, 17.697679, 17.278736, 17.6702, 17.455788, 17.787321, 17.663814, 17.488772, 17.22838, 17.644785, 17.547465, 17.485554, 17.459176, 17.53086, 17.106208, 17.46687, 16.987593, 17.320573, 17.297984, 17.456003, 17.053884, 17.384695, 19.977161, 17.051106, 17.244431, 17.507703, 16.893773, 17.225159, 17.211537, 17.332149, 17.215518, 17.646134, 17.346829, 17.456217, 17.486601, 16.934046, 17.446616, 17.553949, 17.267837, 17.521991, 17.282775, 16.939321, 17.258398, 17.242796, 17.331877, 17.568578, 16.969196, 16.7062, 16.802108, 17.288663, 16.815068, 17.132578, 16.858183, 17.272361, 17.15936, 17.841322, 17.14692, 16.83656, 16.846105, 17.436159, 17.727295, 17.797027, 17.277149, 17.808173, 17.208139, 17.485427, 17.452675, 17.861518, 17.550427, 17.596848, 17.326991, 17.384132, 17.027147]",2026-08-17T18:14:04+00:00,ip-172-31-15-37,Linux-6.17.0-1017-aws-x86_64-with-glibc2.39,3.12.3,ec2-<PUBLIC-IP>.<region>.compute.amazonaws.com,
Trinity,500,median reported; mean/stdev/ci95 also given,,,300,22.337661386664347,22.30776149997382,0.42444966447366905,0.04803100109609855,21.42499600006431,23.668478999979925,"[21.909201, 21.834498, 22.052048, 21.787926, 21.984102, 22.233035, 21.830977, 22.009116, 22.058513, 22.195815, 21.993718, 22.040671, 22.070744, 22.485734, 22.301648, 21.522872, 21.729022, 22.369936, 21.668386, 21.659137, 21.626685, 22.451491, 22.749581, 21.848248, 22.025471, 22.179298, 22.303721, 22.505483, 21.650759, 21.651675, 22.022616, 21.993271, 22.084376, 22.20646, 22.499395, 22.188289, 22.259841, 22.970182, 23.356998, 22.698485, 23.122049, 22.472565, 22.169972, 23.144582, 22.238042, 22.4845, 23.028597, 22.794312, 22.443187, 23.613752, 22.865463, 23.184357, 23.191614, 22.970309, 23.292477, 23.482482, 23.668479, 23.30468, 23.084225, 22.884406, 22.709758, 22.341607, 22.474802, 23.177988, 22.711389, 22.609323, 22.733853, 22.51922, 22.359755, 23.218375, 22.764262, 22.390346, 23.092547, 22.116852, 22.346517, 22.803582, 22.84839, 22.387059, 22.108216, 22.072784, 21.546734, 21.603325, 22.753906, 22.5208, 22.805903, 23.207781, 22.804653, 22.694306, 22.414288, 22.562092, 22.976566, 21.607331, 22.005569, 22.060919, 22.580179, 22.83254, 22.548972, 22.30223, 22.431577, 22.721452, 22.074472, 22.900604, 22.669172, 22.768374, 22.844208, 22.486259, 22.390179, 22.46574, 22.691527, 22.413281, 22.733899, 22.387944, 22.345565, 22.350982, 22.197612, 22.489925, 22.151355, 22.274872, 22.329004, 22.531266, 22.846636, 22.735414, 22.524898, 22.860657, 22.810254, 22.480252, 22.263557, 22.518773, 22.360273, 22.436295, 23.157714, 23.071934, 23.026629, 22.92115, 22.849214, 22.670165, 22.386641, 22.618906, 22.682689, 22.812015, 22.751987, 22.882433, 22.57242, 22.464666, 22.489567, 23.170801, 22.654559, 22.090029, 22.488534, 22.570468, 22.179376, 22.108265, 22.287946, 22.492875, 22.069062, 21.981186, 22.204468, 22.7431, 22.130011, 22.201054, 22.263884, 22.352459, 22.481145, 22.107501, 22.56463, 22.276124, 22.017502, 22.162641, 21.92717, 22.206884, 21.943655, 21.573087, 22.369452, 22.498231, 22.121376, 21.960066, 22.276928, 22.563508, 22.360809, 22.16584, 22.317436, 22.381042, 21.817127, 22.328767, 22.728148, 22.197355, 22.569114, 22.848733, 22.465746, 22.556119, 22.327724, 22.501298, 22.338814, 23.21423, 22.395584, 22.315488, 22.679078, 22.60776, 22.95591, 22.291554, 22.470244, 22.218478, 22.635557, 21.963078, 22.24934, 22.258705, 22.407424, 22.0781, 22.229619, 22.833633, 21.95463, 21.697082, 22.427837, 22.517355, 22.356262, 21.902015, 21.822634, 22.045663, 22.027953, 22.311802, 21.928963, 21.89124, 22.890035, 22.174883, 22.829848, 22.479345, 22.435541, 22.200783, 22.246702, 22.454617, 22.023465, 22.584717, 22.320634, 22.239987, 21.991408, 21.756654, 22.529702, 22.294446, 22.103957, 21.986892, 22.227727, 21.914061, 21.966994, 21.869356, 22.021202, 21.782829, 21.817599, 22.033506, 22.065375, 21.614917, 22.086796, 21.903018, 21.819784, 21.502199, 21.884119, 22.280875, 22.078261, 22.252611, 21.894872, 22.030672, 22.201199, 21.93566, 21.924718, 21.970203, 22.344698, 22.119818, 21.93741, 22.042413, 21.730044, 22.062111, 21.757959, 22.107689, 22.952333, 21.651398, 21.424996, 21.577171, 21.737039, 21.783148, 21.962976, 21.92599, 22.156367, 22.057561, 22.920887, 21.552116, 21.607707, 21.815618, 22.129887, 22.392644, 22.058568, 22.698437, 22.150231, 22.063838, 22.549326, 22.191883, 22.222603, 22.219043, 22.1137, 21.52371, 21.794086, 21.802974]",2026-08-17T18:14:04+00:00,ip-172-31-15-37,Linux-6.17.0-1017-aws-x86_64-with-glibc2.39,3.12.3,ec2-<PUBLIC-IP>.<region>.compute.amazonaws.com,
VC-KASE,500,median reported; mean/stdev/ci95 also given,,2,300,2.3057596133340517,2.299177000054442,0.06419763861963237,0.007264646691923079,2.1710280000206694,2.6884509999263173,"[2.23749, 2.24557, 2.270544, 2.305012, 2.264615, 2.300402, 2.422522, 2.285125, 2.280067, 2.229379, 2.309651, 2.256969, 2.306842, 2.294039, 2.260779, 2.25506, 2.269457, 2.245323, 2.23509, 2.303294, 2.247763, 2.239071, 2.245985, 2.214039, 2.282545, 2.313078, 2.22641, 2.340669, 2.2599, 2.184397, 2.329305, 2.247185, 2.293435, 2.294951, 2.270384, 2.280037, 2.364843, 2.283657, 2.257887, 2.427662, 2.310195, 2.286562, 2.310367, 2.341575, 2.230826, 2.293861, 2.688451, 2.446496, 2.333725, 2.319017, 2.451066, 2.393934, 2.438172, 2.36451, 2.364314, 2.419438, 2.413492, 2.393232, 2.442844, 2.3962, 2.294769, 2.275205, 2.339559, 2.339832, 2.370603, 2.354169, 2.318242, 2.387077, 2.425601, 2.311772, 2.304398, 2.352681, 2.309478, 2.22464, 2.297139, 2.355814, 2.310182, 2.308049, 2.27163, 2.269759, 2.313665, 2.337758, 2.270584, 2.252159, 2.309428, 2.377205, 2.312218, 2.32538, 2.285484, 2.282583, 2.272006, 2.23887, 2.290793, 2.284458, 2.286862, 2.329022, 2.363663, 2.329432, 2.266916, 2.404839, 2.294247, 2.355769, 2.359772, 2.383099, 2.345584, 2.290898, 2.272187, 2.343398, 2.311634, 2.309479, 2.415378, 2.299229, 2.300653, 2.298496, 2.286347, 2.305975, 2.351413, 2.243778, 2.283766, 2.304317, 2.362162, 2.324243, 2.306016, 2.400825, 2.320304, 2.291527, 2.342658, 2.491599, 2.219882, 2.334711, 2.406072, 2.318454, 2.436168, 2.389103, 2.313406, 2.313218, 2.312232, 2.347728, 2.375154, 2.30505, 2.458638, 2.283229, 2.364512, 2.421639, 2.254002, 2.367301, 2.396679, 2.278348, 2.33284, 2.36202, 2.290616, 2.299778, 2.364494, 2.29454, 2.235995, 2.307634, 2.36569, 2.247455, 2.299344, 2.277512, 2.383602, 2.275594, 2.314602, 2.32367, 2.395755, 2.225448, 2.312346, 2.274214, 2.311555, 2.419054, 2.267193, 2.264505, 2.292284, 2.34652, 2.392134, 2.268099, 2.216652, 2.311985, 2.257378, 2.337904, 2.265751, 2.307552, 2.221264, 2.357346, 2.343994, 2.385581, 2.305437, 2.277867, 2.37831, 2.292561, 2.275393, 2.363924, 2.294463, 2.442341, 2.36961, 2.305169, 2.295879, 2.336967, 2.391672, 2.309211, 2.269488, 2.286969, 2.268509, 2.272654, 2.260695, 2.244869, 2.269872, 2.24308, 2.414866, 2.315587, 2.225388, 2.218507, 2.318717, 2.385983, 2.259705, 2.296258, 2.219811, 2.243249, 2.258788, 2.323372, 2.277402, 2.226438, 2.569482, 2.361074, 2.310737, 2.2887, 2.328304, 2.298385, 2.255085, 2.275772, 2.290216, 2.288655, 2.268023, 2.246269, 2.294182, 2.228136, 2.416715, 2.319961, 2.32479, 2.283601, 2.326362, 2.271524, 2.250497, 2.34086, 2.215069, 2.305303, 2.231747, 2.256701, 2.408262, 2.194069, 2.197388, 2.304144, 2.202367, 2.211849, 2.171028, 2.315268, 2.227916, 2.300286, 2.277019, 2.358381, 2.299125, 2.280991, 2.295387, 2.239565, 2.284126, 2.235177, 2.305998, 2.299595, 2.181832, 2.291932, 2.289041, 2.180404, 2.30057, 2.213068, 2.23585, 2.274931, 2.20821, 2.228289, 2.216884, 2.30096, 2.290136, 2.31655, 2.171247, 2.202109, 2.204231, 2.246835, 2.28663, 2.344683, 2.29062, 2.330402, 2.353814, 2.265084, 2.312287, 2.284586, 2.29761, 2.301579, 2.317522, 2.266574, 2.262406, 2.255093]",2026-08-17T18:14:04+00:00,ip-172-31-15-37,Linux-6.17.0-1017-aws-x86_64-with-glibc2.39,3.12.3,ec2-<PUBLIC-IP>.<region>.compute.amazonaws.com,
